AU,FT_drone_s,LAANC_latency_ms,MSD,MS_s,NMR,PE,RID_CR,RTF,TTC_mean_s,TTC_median_s,TTC_p5_s,TTC_p95_s,VCU_handoff_rate,VCU_mean_occupancy,geofence_violations,method,n_agents,peak_memory_mb,scenario,seed,tick_p50_ms,tick_p95_ms,tick_p99_ms
0.39444444444444443,276.0,nan,0.0,69.0,0.005555555555555556,1.0,0.0,12189.306429804667,nan,nan,nan,nan,nan,nan,0.0,cbs,4,nan,01_corridor_crossing,0,0.00024999997094710125,0.012159999982941372,0.03856520004319444
0.39444444444444443,276.0,nan,0.0,69.0,0.005555555555555556,1.0,0.0,10756.693980366015,nan,nan,nan,nan,nan,nan,0.0,cbs,4,nan,01_corridor_crossing,1,0.0002109999286403763,0.0037500000189538696,0.008486200067636522
0.39444444444444443,276.0,nan,0.0,69.0,0.005555555555555556,1.0,0.0,22714.19199125572,nan,nan,nan,nan,nan,nan,0.0,cbs,4,nan,01_corridor_crossing,10,0.00021999994714860804,0.003700000092976552,0.008256800015260414
0.39444444444444443,276.0,nan,0.0,69.0,0.005555555555555556,1.0,0.0,18338.35549570955,nan,nan,nan,nan,nan,nan,0.0,cbs,4,nan,01_corridor_crossing,11,0.0002100000529026147,0.0035099999422527617,0.009104000037041154
0.39444444444444443,276.0,nan,0.0,69.0,0.005555555555555556,1.0,0.0,13404.731900143724,nan,nan,nan,nan,nan,nan,0.0,cbs,4,nan,01_corridor_crossing,12,0.00023999996301427018,0.0037099999872225453,0.008022999941203916
0.39444444444444443,276.0,nan,0.0,69.0,0.005555555555555556,1.0,0.0,37069.94996633348,nan,nan,nan,nan,nan,nan,0.0,cbs,4,nan,01_corridor_crossing,13,0.00021999994714860804,0.003470000024208275,0.007627000036336412
0.39444444444444443,276.0,nan,0.0,69.0,0.005555555555555556,1.0,0.0,22973.574390887938,nan,nan,nan,nan,nan,nan,0.0,cbs,4,nan,01_corridor_crossing,14,0.0002299999550814391,0.003769999921132694,0.0072780000436977205
0.39444444444444443,276.0,nan,0.0,69.0,0.005555555555555556,1.0,0.0,20677.12293476407,nan,nan,nan,nan,nan,nan,0.0,cbs,4,nan,01_corridor_crossing,15,0.00021999994714860804,0.0036000000136482413,0.007884000046942563
0.39444444444444443,276.0,nan,0.0,69.0,0.005555555555555556,1.0,0.0,13049.686318141423,nan,nan,nan,nan,nan,nan,0.0,cbs,4,nan,01_corridor_crossing,16,0.00021999994714860804,0.003679999963424052,0.007724199963376892
0.39444444444444443,276.0,nan,0.0,69.0,0.005555555555555556,1.0,0.0,17680.653799077732,nan,nan,nan,nan,nan,nan,0.0,cbs,4,nan,01_corridor_crossing,17,0.00025000008463393897,0.003669999955491221,0.008002200047485399
0.39444444444444443,276.0,nan,0.0,69.0,0.005555555555555556,1.0,0.0,15924.319142523316,nan,nan,nan,nan,nan,nan,0.0,cbs,4,nan,01_corridor_crossing,18,0.00021999994714860804,0.003930000048057991,0.01476620000175894
0.39444444444444443,276.0,nan,0.0,69.0,0.005555555555555556,1.0,0.0,16847.39711918692,nan,nan,nan,nan,nan,nan,0.0,cbs,4,nan,01_corridor_crossing,19,0.00022000006083544577,0.0034899999263870995,0.010809999935190643
0.39444444444444443,276.0,nan,0.0,69.0,0.005555555555555556,1.0,0.0,15487.889158969641,nan,nan,nan,nan,nan,nan,0.0,cbs,4,nan,01_corridor_crossing,2,0.00022000006083544577,0.0036999999792897142,0.01646100004109029
0.39444444444444443,276.0,nan,0.0,69.0,0.005555555555555556,1.0,0.0,21883.70295094348,nan,nan,nan,nan,nan,nan,0.0,cbs,4,nan,01_corridor_crossing,20,0.0002100000529026147,0.003669999955491221,0.011268000002928515
0.39444444444444443,276.0,nan,0.0,69.0,0.005555555555555556,1.0,0.0,18452.753058565057,nan,nan,nan,nan,nan,nan,0.0,cbs,4,nan,01_corridor_crossing,21,0.0002299999550814391,0.003889999902639829,0.010312200083717315
0.39444444444444443,276.0,nan,0.0,69.0,0.005555555555555556,1.0,0.0,25407.483096753553,nan,nan,nan,nan,nan,nan,0.0,cbs,4,nan,01_corridor_crossing,22,0.0003799999603870674,0.005810000061501341,0.010724999970079668
0.39444444444444443,276.0,nan,0.0,69.0,0.005555555555555556,1.0,0.0,10815.042642865335,nan,nan,nan,nan,nan,nan,0.0,cbs,4,nan,01_corridor_crossing,23,0.0003500000502754119,0.005600000008598727,0.02094820001730111
0.39444444444444443,276.0,nan,0.0,69.0,0.005555555555555556,1.0,0.0,17435.291820263486,nan,nan,nan,nan,nan,nan,0.0,cbs,4,nan,01_corridor_crossing,24,0.00036999995245423634,0.005160999990039272,0.020711000001938373
0.39444444444444443,276.0,nan,0.0,69.0,0.005555555555555556,1.0,0.0,14446.045904599698,nan,nan,nan,nan,nan,nan,0.0,cbs,4,nan,01_corridor_crossing,25,0.0002100000529026147,0.005279999982121808,0.3426937999847686
0.39444444444444443,276.0,nan,0.0,69.0,0.005555555555555556,1.0,0.0,32503.500898196075,nan,nan,nan,nan,nan,nan,0.0,cbs,4,nan,01_corridor_crossing,26,0.000319999912790081,0.0048800000058690784,0.007920199982436206
0.39444444444444443,276.0,nan,0.0,69.0,0.005555555555555556,1.0,0.0,10714.60077458065,nan,nan,nan,nan,nan,nan,0.0,cbs,4,nan,01_corridor_crossing,27,0.00021999994714860804,0.0037099999872225453,0.007965999975567562
0.39444444444444443,276.0,nan,0.0,69.0,0.005555555555555556,1.0,0.0,21362.332937483567,nan,nan,nan,nan,nan,nan,0.0,cbs,4,nan,01_corridor_crossing,28,0.00021999994714860804,0.003830000082416518,0.0077021999913994025
0.39444444444444443,276.0,nan,0.0,69.0,0.005555555555555556,1.0,0.0,11170.69574006927,nan,nan,nan,nan,nan,nan,0.0,cbs,4,nan,01_corridor_crossing,29,0.00020999993921577698,0.0040410000110568944,0.018026200018539364
0.39444444444444443,276.0,nan,0.0,69.0,0.005555555555555556,1.0,0.0,20835.04306080451,nan,nan,nan,nan,nan,nan,0.0,cbs,4,nan,01_corridor_crossing,3,0.0002100000529026147,0.003579999997782579,0.007656200023120495
0.39444444444444443,276.0,nan,0.0,69.0,0.005555555555555556,1.0,0.0,10963.09044162329,nan,nan,nan,nan,nan,nan,0.0,cbs,4,nan,01_corridor_crossing,4,0.00036999995245423634,0.006189999908201571,0.020538999979180465
0.39444444444444443,276.0,nan,0.0,69.0,0.005555555555555556,1.0,0.0,24189.295753176266,nan,nan,nan,nan,nan,nan,0.0,cbs,4,nan,01_corridor_crossing,5,0.0002100000529026147,0.003649999939625559,0.010164200011786096
0.39444444444444443,276.0,nan,0.0,69.0,0.005555555555555556,1.0,0.0,13131.341206748197,nan,nan,nan,nan,nan,nan,0.0,cbs,4,nan,01_corridor_crossing,6,0.00022000006083544577,0.0036500000533123966,0.008114000002023978
0.39444444444444443,276.0,nan,0.0,69.0,0.005555555555555556,1.0,0.0,20454.41761431556,nan,nan,nan,nan,nan,nan,0.0,cbs,4,nan,01_corridor_crossing,7,0.00023000006876827683,0.003400999958103057,0.007220000020424654
0.39444444444444443,276.0,nan,0.0,69.0,0.005555555555555556,1.0,0.0,15351.955084310399,nan,nan,nan,nan,nan,nan,0.0,cbs,4,nan,01_corridor_crossing,8,0.0002100000529026147,0.0035709999792743474,0.008381999964512821
0.39444444444444443,276.0,nan,0.0,69.0,0.005555555555555556,1.0,0.0,7644.770938452641,nan,nan,nan,nan,nan,nan,0.0,cbs,4,nan,01_corridor_crossing,9,0.0002299999550814391,0.012029999993501406,0.01720679995287355
0.4,284.0,nan,1.2941790156533557,71.0,0.005555555555555556,1.0,0.0,92387.52460223935,nan,nan,nan,nan,nan,nan,0.0,orca,4,nan,01_corridor_crossing,0,0.00022000006083544577,0.00580000005356851,0.10535117006839037
0.4,284.0,nan,1.2941790156533557,71.0,0.005555555555555556,1.0,0.0,97412.50733630665,nan,nan,nan,nan,nan,nan,0.0,orca,4,nan,01_corridor_crossing,1,0.00021999994714860804,0.00869500001385856,0.20441270998731012
0.4,284.0,nan,1.2941790156533557,71.0,0.005555555555555556,1.0,0.0,202685.58400593337,nan,nan,nan,nan,nan,nan,0.0,orca,4,nan,01_corridor_crossing,10,0.00033999992865574313,0.008460999896442445,0.07081490002178736
0.4,284.0,nan,1.2941790156533557,71.0,0.005555555555555556,1.0,0.0,395680.92289572966,nan,nan,nan,nan,nan,nan,0.0,orca,4,nan,01_corridor_crossing,11,0.00022000006083544577,0.005321450004203143,0.008389100055410386
0.4,284.0,nan,1.2941790156533557,71.0,0.005555555555555556,1.0,0.0,148703.30714805968,nan,nan,nan,nan,nan,nan,0.0,orca,4,nan,01_corridor_crossing,12,0.0002100000529026147,0.005642500019575883,0.10664566995842709
0.4,284.0,nan,1.2941790156533557,71.0,0.005555555555555556,1.0,0.0,54041.996035244585,nan,nan,nan,nan,nan,nan,0.0,orca,4,nan,01_corridor_crossing,13,0.00022500000795844244,0.006621550016916443,0.19776510005613096
0.4,284.0,nan,1.2941790156533557,71.0,0.005555555555555556,1.0,0.0,296512.5185817294,nan,nan,nan,nan,nan,nan,0.0,orca,4,nan,01_corridor_crossing,14,0.00023000006876827683,0.006352950020982461,0.011129200003097143
0.4,284.0,nan,1.2941790156533557,71.0,0.005555555555555556,1.0,0.0,385808.257563017,nan,nan,nan,nan,nan,nan,0.0,orca,4,nan,01_corridor_crossing,15,0.00024999997094710125,0.005365500038578828,0.006850699942333462
0.4,284.0,nan,1.2941790156533557,71.0,0.005555555555555556,1.0,0.0,39584.65144642206,nan,nan,nan,nan,nan,nan,0.0,orca,4,nan,01_corridor_crossing,16,0.0002100000529026147,0.005364500043469887,0.022519220054846804
0.4,284.0,nan,1.2941790156533557,71.0,0.005555555555555556,1.0,0.0,379176.4708225715,nan,nan,nan,nan,nan,nan,0.0,orca,4,nan,01_corridor_crossing,17,0.00021999994714860804,0.005191000025206449,0.007722799952034633
0.4,284.0,nan,1.2941790156533557,71.0,0.005555555555555556,1.0,0.0,376070.23316884105,nan,nan,nan,nan,nan,nan,0.0,orca,4,nan,01_corridor_crossing,18,0.0002299999550814391,0.005454500001178529,0.007186310002680341
0.4,284.0,nan,1.2941790156533557,71.0,0.005555555555555556,1.0,0.0,39410.7911564935,nan,nan,nan,nan,nan,nan,0.0,orca,4,nan,01_corridor_crossing,19,0.00030050000532355625,0.005669500046678874,0.02039512004103059
0.4,284.0,nan,1.2941790156533557,71.0,0.005555555555555556,1.0,0.0,114514.45236281025,nan,nan,nan,nan,nan,nan,0.0,orca,4,nan,01_corridor_crossing,2,0.00023000006876827683,0.0072050000255785545,0.2137001200651414
0.4,284.0,nan,1.2941790156533557,71.0,0.005555555555555556,1.0,0.0,100515.98203762971,nan,nan,nan,nan,nan,nan,0.0,orca,4,nan,01_corridor_crossing,20,0.00022000006083544577,0.005279000083646675,0.00828800007866452
0.4,284.0,nan,1.2941790156533557,71.0,0.005555555555555556,1.0,0.0,287283.8587868143,nan,nan,nan,nan,nan,nan,0.0,orca,4,nan,01_corridor_crossing,21,0.00030050000532355625,0.00708200003032288,0.00960149998945784
0.4,284.0,nan,1.2941790156533557,71.0,0.005555555555555556,1.0,0.0,376897.8376376641,nan,nan,nan,nan,nan,nan,0.0,orca,4,nan,01_corridor_crossing,22,0.00022000006083544577,0.005345500028397508,0.008367899990844316
0.4,284.0,nan,1.2941790156533557,71.0,0.005555555555555556,1.0,0.0,18901.040974831263,nan,nan,nan,nan,nan,nan,0.0,orca,4,nan,01_corridor_crossing,23,0.00021999994714860804,0.005472000020745326,0.013434309965987452
0.4,284.0,nan,1.2941790156533557,71.0,0.005555555555555556,1.0,0.0,366819.9158223874,nan,nan,nan,nan,nan,nan,0.0,orca,4,nan,01_corridor_crossing,24,0.0002599999788799323,0.0055599999768674024,0.00826670997980728
0.4,284.0,nan,1.2941790156533557,71.0,0.005555555555555556,1.0,0.0,378753.6059732331,nan,nan,nan,nan,nan,nan,0.0,orca,4,nan,01_corridor_crossing,25,0.00021999994714860804,0.005487500021672525,0.006847499976174753
0.4,284.0,nan,1.2941790156533557,71.0,0.005555555555555556,1.0,0.0,36407.045329529865,nan,nan,nan,nan,nan,nan,0.0,orca,4,nan,01_corridor_crossing,26,0.0003800000740739051,0.009032449992218972,0.033711299986407796
0.4,284.0,nan,1.2941790156533557,71.0,0.005555555555555556,1.0,0.0,249892.06050958234,nan,nan,nan,nan,nan,nan,0.0,orca,4,nan,01_corridor_crossing,27,0.0003299999775663309,0.00850800003036056,0.01852440007041886
0.4,284.0,nan,1.2941790156533557,71.0,0.005555555555555556,1.0,0.0,238815.15838664823,nan,nan,nan,nan,nan,nan,0.0,orca,4,nan,01_corridor_crossing,28,0.00036999995245423634,0.009257500062176403,0.01196150992541335
0.4,284.0,nan,1.2941790156533557,71.0,0.005555555555555556,1.0,0.0,23022.943130398853,nan,nan,nan,nan,nan,nan,0.0,orca,4,nan,01_corridor_crossing,29,0.00034000004234258085,0.008521550046225457,0.03862822000087416
0.4,284.0,nan,1.2941790156533557,71.0,0.005555555555555556,1.0,0.0,126151.2174600996,nan,nan,nan,nan,nan,nan,0.0,orca,4,nan,01_corridor_crossing,3,0.0002654999775586475,0.00590795000903199,0.01971332001630833
0.4,284.0,nan,1.2941790156533557,71.0,0.005555555555555556,1.0,0.0,375380.8551021623,nan,nan,nan,nan,nan,nan,0.0,orca,4,nan,01_corridor_crossing,4,0.00023000006876827683,0.004674450048014477,0.008852809971813258
0.4,284.0,nan,1.2941790156533557,71.0,0.005555555555555556,1.0,0.0,79276.53991372813,nan,nan,nan,nan,nan,nan,0.0,orca,4,nan,01_corridor_crossing,5,0.00022000006083544577,0.005653999937749175,0.007940900035237074
0.4,284.0,nan,1.2941790156533557,71.0,0.005555555555555556,1.0,0.0,380385.626447689,nan,nan,nan,nan,nan,nan,0.0,orca,4,nan,01_corridor_crossing,6,0.00021999994714860804,0.005540449944874123,0.007114110011343668
0.4,284.0,nan,1.2941790156533557,71.0,0.005555555555555556,1.0,0.0,380901.594059763,nan,nan,nan,nan,nan,nan,0.0,orca,4,nan,01_corridor_crossing,7,0.0002100000529026147,0.005272999965200142,0.007783899989135546
0.4,284.0,nan,1.2941790156533557,71.0,0.005555555555555556,1.0,0.0,37402.95491664177,nan,nan,nan,nan,nan,nan,0.0,orca,4,nan,01_corridor_crossing,8,0.0003800000740739051,0.00850100003049192,0.014903399954846531
0.4,284.0,nan,1.2941790156533557,71.0,0.005555555555555556,1.0,0.0,368434.94976323395,nan,nan,nan,nan,nan,nan,0.0,orca,4,nan,01_corridor_crossing,9,0.0002100000529026147,0.005931499930511563,0.009963610006025244
1.0,304.0,89.64249560550049,4.820423326491362,77.0,0.001851851851851852,0.9697544980484626,1.0,5608.575986307675,14.822776811721976,16.219751779648654,0.0,26.969751779648657,0.022222222222222223,1.0037037037037035,0.0,sdacs_hybrid,4,nan,01_corridor_crossing,0,0.0470515000188243,0.45514804999697794,3.9143343899752407
1.0,304.0,105.5509438088307,4.820423326491362,77.0,0.001851851851851852,0.9697544980484626,1.0,7277.775843794623,14.822776811721976,16.219751779648654,0.0,26.969751779648657,0.022222222222222223,1.0037037037037035,0.0,sdacs_hybrid,4,nan,01_corridor_crossing,1,0.019600499967964424,0.13543759998242394,4.784154329993277
1.0,304.0,101.41410528064674,4.820423326491362,77.0,0.001851851851851852,0.9697544980484626,1.0,7939.850165306971,14.822776811721976,16.219751779648654,0.0,26.969751779648657,0.022222222222222223,1.0037037037037035,0.0,sdacs_hybrid,4,nan,01_corridor_crossing,10,0.016120999987379037,0.10977200003594582,4.151948910018746
1.0,304.0,92.58035431204617,4.820423326491362,77.0,0.001851851851851852,0.9697544980484626,1.0,7848.205246266887,14.822776811721976,16.219751779648654,0.0,26.969751779648657,0.022222222222222223,1.0037037037037035,0.0,sdacs_hybrid,4,nan,01_corridor_crossing,11,0.046381500055758806,0.6209080500354954,1.5634261599927886
1.0,304.0,95.6618919592574,4.820423326491362,77.0,0.001851851851851852,0.9697544980484626,1.0,7217.189613543328,14.822776811721976,16.219751779648654,0.0,26.969751779648657,0.022222222222222223,1.0037037037037035,0.0,sdacs_hybrid,4,nan,01_corridor_crossing,12,0.015165500030889234,0.10891100000662843,5.813708710018094
1.0,304.0,107.92569862149465,4.820423326491362,77.0,0.001851851851851852,0.9697544980484626,1.0,6357.288963781194,14.822776811721976,16.219751779648654,0.0,26.969751779648657,0.022222222222222223,1.0037037037037035,0.0,sdacs_hybrid,4,nan,01_corridor_crossing,13,0.02549599997792029,0.12367249996714222,4.639070680007091
1.0,304.0,107.54788077958018,4.820423326491362,77.0,0.001851851851851852,0.9697544980484626,1.0,4425.551709566061,14.822776811721976,16.219751779648654,0.0,26.969751779648657,0.022222222222222223,1.0037037037037035,0.0,sdacs_hybrid,4,nan,01_corridor_crossing,14,0.040821500022047985,0.5648150000240544,5.631736800072546
1.0,304.0,98.97805412784484,4.820423326491362,77.0,0.001851851851851852,0.9697544980484626,1.0,5498.702871273102,14.822776811721976,16.219751779648654,0.0,26.969751779648657,0.022222222222222223,1.0037037037037035,0.0,sdacs_hybrid,4,nan,01_corridor_crossing,15,0.026960500008499366,0.17116760005251216,4.776693170001661
1.0,304.0,94.3981436026707,4.820423326491362,77.0,0.001851851851851852,0.9697544980484626,1.0,5416.763202924528,14.822776811721976,16.219751779648654,0.0,26.969751779648657,0.022222222222222223,1.0037037037037035,0.0,sdacs_hybrid,4,nan,01_corridor_crossing,16,0.019870500011620607,0.15152099995816548,6.097104579971528
1.0,304.0,99.31872372996972,4.820423326491362,77.0,0.001851851851851852,0.9697544980484626,1.0,4193.969505222453,14.822776811721976,16.219751779648654,0.0,26.969751779648657,0.022222222222222223,1.0037037037037035,0.0,sdacs_hybrid,4,nan,01_corridor_crossing,17,0.014551000049323193,0.232065499926648,6.199336009998433
1.0,304.0,94.80268694539909,4.820423326491362,77.0,0.001851851851851852,0.9697544980484626,1.0,4216.927858877945,14.822776811721976,16.219751779648654,0.0,26.969751779648657,0.022222222222222223,1.0037037037037035,0.0,sdacs_hybrid,4,nan,01_corridor_crossing,18,0.03910600003109721,1.15819265002983,5.203982710017954
1.0,304.0,96.80166732566774,4.820423326491362,77.0,0.001851851851851852,0.9697544980484626,1.0,6166.693114932637,14.822776811721976,16.219751779648654,0.0,26.969751779648657,0.022222222222222223,1.0037037037037035,0.0,sdacs_hybrid,4,nan,01_corridor_crossing,19,0.014775000011013617,0.12801299999409788,4.8866331199463
1.0,304.0,94.66244960392817,4.820423326491362,77.0,0.001851851851851852,0.9697544980484626,1.0,5507.177044905582,14.822776811721976,16.219751779648654,0.0,26.969751779648657,0.022222222222222223,1.0037037037037035,0.0,sdacs_hybrid,4,nan,01_corridor_crossing,2,0.022779999994781974,0.2944396500197384,4.456630720022765
1.0,304.0,93.85550716728476,4.820423326491362,77.0,0.001851851851851852,0.9697544980484626,1.0,6698.672178049796,14.822776811721976,16.219751779648654,0.0,26.969751779648657,0.022222222222222223,1.0037037037037035,0.0,sdacs_hybrid,4,nan,01_corridor_crossing,20,0.015620499993929116,0.3292174000875956,3.308218109957588
1.0,304.0,101.85863681719073,4.820423326491362,77.0,0.001851851851851852,0.9697544980484626,1.0,6901.602851243051,14.822776811721976,16.219751779648654,0.0,26.969751779648657,0.022222222222222223,1.0037037037037035,0.0,sdacs_hybrid,4,nan,01_corridor_crossing,21,0.01210499999615422,0.130757549987947,4.5102927900620795
1.0,304.0,93.07392355669359,4.820423326491362,77.0,0.001851851851851852,0.9697544980484626,1.0,6305.504642501831,14.822776811721976,16.219751779648654,0.0,26.969751779648657,0.022222222222222223,1.0037037037037035,0.0,sdacs_hybrid,4,nan,01_corridor_crossing,22,0.016244999983427988,0.11622304995171356,6.1136215899387025
1.0,304.0,95.7774357598456,4.820423326491362,77.0,0.001851851851851852,0.9697544980484626,1.0,7020.640605378342,14.822776811721976,16.219751779648654,0.0,26.969751779648657,0.022222222222222223,1.0037037037037035,0.0,sdacs_hybrid,4,nan,01_corridor_crossing,23,0.01831549997177717,0.11228944997583301,4.354529110036092
1.0,304.0,98.165837389058,4.820423326491362,77.0,0.001851851851851852,0.9697544980484626,1.0,6064.209671258246,14.822776811721976,16.219751779648654,0.0,26.969751779648657,0.022222222222222223,1.0037037037037035,0.0,sdacs_hybrid,4,nan,01_corridor_crossing,24,0.019600500081651262,0.10809055000891007,5.365351039976083
1.0,304.0,87.45661029855994,4.820423326491362,77.0,0.001851851851851852,0.9697544980484626,1.0,5479.91580413676,14.822776811721976,16.219751779648654,0.0,26.969751779648657,0.022222222222222223,1.0037037037037035,0.0,sdacs_hybrid,4,nan,01_corridor_crossing,25,0.027680500011229014,0.16482250003946294,6.209415040004843
1.0,304.0,95.06464403627261,4.820423326491362,77.0,0.001851851851851852,0.9697544980484626,1.0,3896.0466360261944,14.822776811721976,16.219751779648654,0.0,26.969751779648657,0.022222222222222223,1.0037037037037035,0.0,sdacs_hybrid,4,nan,01_corridor_crossing,26,0.016730499964978662,0.22543204999578817,6.387282599962424
1.0,304.0,94.56339109174972,4.820423326491362,77.0,0.001851851851851852,0.9697544980484626,1.0,3958.3477144151593,14.822776811721976,16.219751779648654,0.0,26.969751779648657,0.022222222222222223,1.0037037037037035,0.0,sdacs_hybrid,4,nan,01_corridor_crossing,27,0.015095499975359417,0.2266230499628817,7.404225690004304
1.0,304.0,105.34634017499742,4.820423326491362,77.0,0.001851851851851852,0.9697544980484626,1.0,5959.3903305306385,14.822776811721976,16.219751779648654,0.0,26.969751779648657,0.022222222222222223,1.0037037037037035,0.0,sdacs_hybrid,4,nan,01_corridor_crossing,28,0.014435499963383336,0.38093829992930794,3.2888427499574435
1.0,304.0,93.4080651249244,4.820423326491362,77.0,0.001851851851851852,0.9697544980484626,1.0,5716.302207938496,14.822776811721976,16.219751779648654,0.0,26.969751779648657,0.022222222222222223,1.0037037037037035,0.0,sdacs_hybrid,4,nan,01_corridor_crossing,29,0.014545000055932178,0.31862154994541236,4.114486089993082
1.0,304.0,97.05896175010488,4.820423326491362,77.0,0.001851851851851852,0.9697544980484626,1.0,5292.838181275355,14.822776811721976,16.219751779648654,0.0,26.969751779648657,0.022222222222222223,1.0037037037037035,0.0,sdacs_hybrid,4,nan,01_corridor_crossing,3,0.03348099994582299,0.7449283000710194,4.129878530037562
1.0,304.0,105.11463387990037,4.820423326491362,77.0,0.001851851851851852,0.9697544980484626,1.0,5099.0771945033885,14.822776811721976,16.219751779648654,0.0,26.969751779648657,0.022222222222222223,1.0037037037037035,0.0,sdacs_hybrid,4,nan,01_corridor_crossing,4,0.026525999999194028,0.38734904989610136,5.367356280007706
1.0,304.0,104.14070654612158,4.820423326491362,77.0,0.001851851851851852,0.9697544980484626,1.0,7326.894485592969,14.822776811721976,16.219751779648654,0.0,26.969751779648657,0.022222222222222223,1.0037037037037035,0.0,sdacs_hybrid,4,nan,01_corridor_crossing,5,0.018285500004822097,0.12285149997524057,4.37165448002589
1.0,304.0,96.24999226668542,4.820423326491362,77.0,0.001851851851851852,0.9697544980484626,1.0,8775.700981076436,14.822776811721976,16.219751779648654,0.0,26.969751779648657,0.022222222222222223,1.0037037037037035,0.0,sdacs_hybrid,4,nan,01_corridor_crossing,6,0.035006000075554766,0.11764900005459822,4.109500109997271
1.0,304.0,105.23202147810026,4.820423326491362,77.0,0.001851851851851852,0.9697544980484626,1.0,5116.072166286835,14.822776811721976,16.219751779648654,0.0,26.969751779648657,0.022222222222222223,1.0037037037037035,0.0,sdacs_hybrid,4,nan,01_corridor_crossing,7,0.01305050000155461,0.1307624999753895,6.569450860048407
1.0,304.0,104.21508894249033,4.820423326491362,77.0,0.001851851851851852,0.9697544980484626,1.0,5371.901998001489,14.822776811721976,16.219751779648654,0.0,26.969751779648657,0.022222222222222223,1.0037037037037035,0.0,sdacs_hybrid,4,nan,01_corridor_crossing,8,0.01868050003395183,0.23347365005861126,5.038077689968108
1.0,304.0,105.3774864602938,4.820423326491362,77.0,0.001851851851851852,0.9697544980484626,1.0,4605.713797371796,14.822776811721976,16.219751779648654,0.0,26.969751779648657,0.022222222222222223,1.0037037037037035,0.0,sdacs_hybrid,4,nan,01_corridor_crossing,9,0.011224999980186112,0.14901750008107187,8.151020499940387
0.7347222222222223,527.0,nan,9.432095647288765,180.0,0.0,0.7456249829049068,0.0,2466.7169648514546,nan,nan,nan,nan,nan,nan,0.0,vo,4,nan,01_corridor_crossing,0,0.0894575000529585,2.3818571500441834,7.45566276000887
0.7347222222222223,527.0,nan,9.432095647288765,180.0,0.0,0.7456249829049068,0.0,2963.8031218704414,nan,nan,nan,nan,nan,nan,0.0,vo,4,nan,01_corridor_crossing,1,0.08447800001931682,1.6540713000836051,5.610705699996314
0.7347222222222223,527.0,nan,9.432095647288765,180.0,0.0,0.7456249829049068,0.0,3293.958873936848,nan,nan,nan,nan,nan,nan,0.0,vo,4,nan,01_corridor_crossing,10,0.057336500049132155,0.17301950005048616,6.173897199939802
0.7347222222222223,527.0,nan,9.432095647288765,180.0,0.0,0.7456249829049068,0.0,6772.791034444447,nan,nan,nan,nan,nan,nan,0.0,vo,4,nan,01_corridor_crossing,11,0.055171000042264495,0.31284555006436604,2.50570585002266
0.7347222222222223,527.0,nan,9.432095647288765,180.0,0.0,0.7456249829049068,0.0,5856.367320746765,nan,nan,nan,nan,nan,nan,0.0,vo,4,nan,01_corridor_crossing,12,0.04798600002686726,0.4751955000472208,4.069302509984709
0.7347222222222223,527.0,nan,9.432095647288765,180.0,0.0,0.7456249829049068,0.0,4002.0733407927232,nan,nan,nan,nan,nan,nan,0.0,vo,4,nan,01_corridor_crossing,13,0.04862200000843586,0.10093254996377247,6.1294586000371964
0.7347222222222223,527.0,nan,9.432095647288765,180.0,0.0,0.7456249829049068,0.0,4834.878426179796,nan,nan,nan,nan,nan,nan,0.0,vo,4,nan,01_corridor_crossing,14,0.05309599998781778,0.2512402999457172,5.753789760027532
0.7347222222222223,527.0,nan,9.432095647288765,180.0,0.0,0.7456249829049068,0.0,10532.841223406755,nan,nan,nan,nan,nan,nan,0.0,vo,4,nan,01_corridor_crossing,15,0.05712649999622954,0.17219449998719913,0.48925340996107436
0.7347222222222223,527.0,nan,9.432095647288765,180.0,0.0,0.7456249829049068,0.0,3664.1168416799223,nan,nan,nan,nan,nan,nan,0.0,vo,4,nan,01_corridor_crossing,16,0.04822649998459383,0.5948068000520791,8.190704389984377
0.7347222222222223,527.0,nan,9.432095647288765,180.0,0.0,0.7456249829049068,0.0,3578.342938170084,nan,nan,nan,nan,nan,nan,0.0,vo,4,nan,01_corridor_crossing,17,0.05118600000741935,0.16963300000724968,8.121312710026132
0.7347222222222223,527.0,nan,9.432095647288765,180.0,0.0,0.7456249829049068,0.0,4229.612504044541,nan,nan,nan,nan,nan,nan,0.0,vo,4,nan,01_corridor_crossing,18,0.04970650002178445,0.2765355000235557,6.177513479967731
0.7347222222222223,527.0,nan,9.432095647288765,180.0,0.0,0.7456249829049068,0.0,4882.122773021735,nan,nan,nan,nan,nan,nan,0.0,vo,4,nan,01_corridor_crossing,19,0.051171499933388986,0.3133607999984592,4.358949599990187
0.7347222222222223,527.0,nan,9.432095647288765,180.0,0.0,0.7456249829049068,0.0,4601.790336760643,nan,nan,nan,nan,nan,nan,0.0,vo,4,nan,01_corridor_crossing,2,0.048321500003112305,0.10014555006137,6.111735199961004
0.7347222222222223,527.0,nan,9.432095647288765,180.0,0.0,0.7456249829049068,0.0,4323.0916330367845,nan,nan,nan,nan,nan,nan,0.0,vo,4,nan,01_corridor_crossing,20,0.048001500033478806,0.10937199996874364,8.104434509905332
0.7347222222222223,527.0,nan,9.432095647288765,180.0,0.0,0.7456249829049068,0.0,4148.455714303775,nan,nan,nan,nan,nan,nan,0.0,vo,4,nan,01_corridor_crossing,21,0.056755999992219586,1.4911098500533517,3.4425341399708103
0.7347222222222223,527.0,nan,9.432095647288765,180.0,0.0,0.7456249829049068,0.0,4627.775781696015,nan,nan,nan,nan,nan,nan,0.0,vo,4,nan,01_corridor_crossing,22,0.04795149999381465,0.09613150002678589,7.250938699980916
0.7347222222222223,527.0,nan,9.432095647288765,180.0,0.0,0.7456249829049068,0.0,4860.084643233553,nan,nan,nan,nan,nan,nan,0.0,vo,4,nan,01_corridor_crossing,23,0.05007200002182799,0.10399699997378772,6.096380799997405
0.7347222222222223,527.0,nan,9.432095647288765,180.0,0.0,0.7456249829049068,0.0,4877.617858147192,nan,nan,nan,nan,nan,nan,0.0,vo,4,nan,01_corridor_crossing,24,0.0486010000031456,0.08431799994923472,6.1183404200028235
0.7347222222222223,527.0,nan,9.432095647288765,180.0,0.0,0.7456249829049068,0.0,4618.835359120865,nan,nan,nan,nan,nan,nan,0.0,vo,4,nan,01_corridor_crossing,25,0.053406500001074164,0.3780076999362313,5.324012439974703
0.7347222222222223,527.0,nan,9.432095647288765,180.0,0.0,0.7456249829049068,0.0,5725.560342289898,nan,nan,nan,nan,nan,nan,0.0,vo,4,nan,01_corridor_crossing,26,0.04779149998057619,0.12013859994226415,4.340507769948098
0.7347222222222223,527.0,nan,9.432095647288765,180.0,0.0,0.7456249829049068,0.0,2810.4439845755883,nan,nan,nan,nan,nan,nan,0.0,vo,4,nan,01_corridor_crossing,27,0.08615199999439938,2.184769400014358,6.158849200006671
0.7347222222222223,527.0,nan,9.432095647288765,180.0,0.0,0.7456249829049068,0.0,3700.632787646704,nan,nan,nan,nan,nan,nan,0.0,vo,4,nan,01_corridor_crossing,28,0.05298700000366807,0.18375699996227002,6.168803300060972
0.7347222222222223,527.0,nan,9.432095647288765,180.0,0.0,0.7456249829049068,0.0,3935.0637528475545,nan,nan,nan,nan,nan,nan,0.0,vo,4,nan,01_corridor_crossing,29,0.05085650002456532,1.3438698999948322,5.136805660090433
0.7347222222222223,527.0,nan,9.432095647288765,180.0,0.0,0.7456249829049068,0.0,4594.208494830175,nan,nan,nan,nan,nan,nan,0.0,vo,4,nan,01_corridor_crossing,3,0.057291999951303296,0.805093100007069,3.4868314800132842
0.7347222222222223,527.0,nan,9.432095647288765,180.0,0.0,0.7456249829049068,0.0,3983.7084031704853,nan,nan,nan,nan,nan,nan,0.0,vo,4,nan,01_corridor_crossing,4,0.05186199996387586,0.604776150026963,5.73224363002851
0.7347222222222223,527.0,nan,9.432095647288765,180.0,0.0,0.7456249829049068,0.0,5224.103747675069,nan,nan,nan,nan,nan,nan,0.0,vo,4,nan,01_corridor_crossing,5,0.047216000041316875,0.3450210500375174,4.304190779974996
0.7347222222222223,527.0,nan,9.432095647288765,180.0,0.0,0.7456249829049068,0.0,5101.740901049843,nan,nan,nan,nan,nan,nan,0.0,vo,4,nan,01_corridor_crossing,6,0.050820999945244694,0.5520525500912752,3.4645455099314493
0.7347222222222223,527.0,nan,9.432095647288765,180.0,0.0,0.7456249829049068,0.0,4052.8036180944896,nan,nan,nan,nan,nan,nan,0.0,vo,4,nan,01_corridor_crossing,7,0.05603099998552352,0.12352149998378069,6.325019199914558
0.7347222222222223,527.0,nan,9.432095647288765,180.0,0.0,0.7456249829049068,0.0,3500.0624372243597,nan,nan,nan,nan,nan,nan,0.0,vo,4,nan,01_corridor_crossing,8,0.049007000029632763,0.23273339995170705,7.351020870007695
0.7347222222222223,527.0,nan,9.432095647288765,180.0,0.0,0.7456249829049068,0.0,5120.750132996194,nan,nan,nan,nan,nan,nan,0.0,vo,4,nan,01_corridor_crossing,9,0.0519765000035477,0.5369400000233724,3.293881979983561
0.30026041666666664,1121.0,nan,16.43748607308084,117.0,0.0,1.0,0.0,13069.366260378962,nan,nan,nan,nan,nan,nan,0.0,cbs,16,nan,02_dense_intersection,0,0.0005199999577598646,0.011370000038368744,0.022968999951444812
0.31197916666666664,1166.0,nan,12.095776805681277,106.0,0.0,1.0,0.0,13613.211894425453,nan,nan,nan,nan,nan,nan,0.0,cbs,16,nan,02_dense_intersection,1,0.0009199999340125942,0.022070999989409756,0.049275000060333585
0.31484375,1177.0,nan,9.011059427753295,111.0,0.0,1.0,0.0,15472.607907394693,nan,nan,nan,nan,nan,nan,0.0,cbs,16,nan,02_dense_intersection,10,0.0005100000635138713,0.011781000011978904,0.015866000035202856
0.2911458333333333,1086.0,nan,16.262318706678272,117.0,0.0,1.0,0.0,14839.37122616556,nan,nan,nan,nan,nan,nan,0.0,cbs,16,nan,02_dense_intersection,11,0.0005499999815583578,0.02168000003166526,0.3110849999757183
0.353125,1324.0,nan,9.637141912439764,130.0,0.0,1.0,0.0,15045.052409380878,nan,nan,nan,nan,nan,nan,0.0,cbs,16,nan,02_dense_intersection,12,0.003700000092976552,0.012449999985619797,0.11528100005762087
0.32109375,1201.0,nan,15.52424377610431,110.0,0.0,1.0,0.0,18280.442554370617,nan,nan,nan,nan,nan,nan,0.0,cbs,16,nan,02_dense_intersection,13,0.0005300000793795334,0.011370000038368744,0.013402999934442047
0.33359375,1249.0,nan,7.165487760610716,101.0,0.0,0.9999999999999998,0.0,13696.973522366301,nan,nan,nan,nan,nan,nan,0.0,cbs,16,nan,02_dense_intersection,14,0.00047999992602854036,0.012739999988298223,0.07409599998027257
0.32786458333333335,1227.0,nan,19.358090089752476,114.0,0.0,1.0,0.0,30337.58143780574,nan,nan,nan,nan,nan,nan,0.0,cbs,16,nan,02_dense_intersection,15,0.0004900000476482091,0.012259999948582845,0.028948599992872866
0.30364583333333334,1134.0,nan,13.52298800100539,132.0,0.0,1.0,0.0,8939.539991385464,nan,nan,nan,nan,nan,nan,0.0,cbs,16,nan,02_dense_intersection,16,0.0023800000690243905,0.019700000052580435,0.04516699998475805
0.3296875,1234.0,nan,11.126147599620369,129.0,0.0,1.0,0.0,12294.43386413224,nan,nan,nan,nan,nan,nan,0.0,cbs,16,nan,02_dense_intersection,17,0.001720000000204891,0.011439999980211724,0.01828040003601926
0.32526041666666666,1217.0,nan,9.967446769637371,125.0,0.0,1.0,0.0,22169.688272122807,nan,nan,nan,nan,nan,nan,0.0,cbs,16,nan,02_dense_intersection,18,0.0014800000371906208,0.0110109999695851,0.015914999971755574
0.30234375,1129.0,nan,15.93934157811557,118.0,0.0,1.0,0.0,16658.82198119734,nan,nan,nan,nan,nan,nan,0.0,cbs,16,nan,02_dense_intersection,19,0.0006099999154685065,0.011459999996077386,0.02097900000990189
0.2947916666666667,1100.0,nan,6.822672502963458,108.0,0.0,1.0,0.0,41763.74562283037,nan,nan,nan,nan,nan,nan,0.0,cbs,16,nan,02_dense_intersection,2,0.0004800000397153781,0.011371000027793343,0.016602600021542447
0.28020833333333334,1044.0,nan,9.712126544166956,125.0,0.0,1.0,0.0,29379.55161193071,nan,nan,nan,nan,nan,nan,0.0,cbs,16,nan,02_dense_intersection,20,0.0014500000133921276,0.011589999985517352,0.024211000027207774
0.2986979166666667,1115.0,nan,15.085842684653034,113.0,0.0,0.9999999999999999,0.0,20253.52348028538,nan,nan,nan,nan,nan,nan,0.0,cbs,16,nan,02_dense_intersection,21,0.0005599999894911889,0.01134100000399485,0.03136260002065675
0.27239583333333334,1014.0,nan,14.114895829255882,106.0,0.0,1.0,0.0,16789.277360040236,nan,nan,nan,nan,nan,nan,0.0,cbs,16,nan,02_dense_intersection,22,0.0008099999604382901,0.012309999988247,0.032624999994368326
0.2833333333333333,1056.0,nan,15.123589539687217,130.0,0.0,1.0,0.0,14437.23391498165,nan,nan,nan,nan,nan,nan,0.0,cbs,16,nan,02_dense_intersection,23,0.0015699999948992627,0.032309999937751854,0.08768679999775485
0.33958333333333335,1272.0,nan,7.578935936018609,128.0,0.0,1.0,0.0,14754.735716850822,nan,nan,nan,nan,nan,nan,0.0,cbs,16,nan,02_dense_intersection,24,0.0015900000107649248,0.012180999988231633,0.019990400051028652
0.3302083333333333,1236.0,nan,7.559346911859876,126.0,0.0,1.0,0.0,12272.312803210618,nan,nan,nan,nan,nan,nan,0.0,cbs,16,nan,02_dense_intersection,25,0.00227999998969608,0.011679999943225994,0.021502599975065064
0.29609375,1105.0,nan,16.21481524869458,112.0,0.0,1.0,0.0,19809.88453814477,nan,nan,nan,nan,nan,nan,0.0,cbs,16,nan,02_dense_intersection,26,0.0005000000555810402,0.01150100001723331,0.028270600000723706
0.35260416666666666,1322.0,nan,6.831939099186505,122.0,0.0,1.0,0.0,11455.861472658169,nan,nan,nan,nan,nan,nan,0.0,cbs,16,nan,02_dense_intersection,27,0.0035500000876709237,0.02032100007909321,0.04427499998200789
0.384375,1444.0,nan,4.322068231991905,129.0,3.472222222222222e-05,1.0,0.0,11175.588565874381,nan,nan,nan,nan,nan,nan,0.0,cbs,16,nan,02_dense_intersection,28,0.0037300000030882074,0.021629999992001103,0.04799959999672853
0.32578125,1219.0,nan,8.245464715240862,130.0,0.0,1.0,0.0,10191.54715627659,nan,nan,nan,nan,nan,nan,0.0,cbs,16,nan,02_dense_intersection,29,0.0021299999843904516,0.011060999895562418,0.016614600031061817
0.34453125,1291.0,nan,7.496286881221953,108.0,0.0,1.0,0.0,30693.80271672759,nan,nan,nan,nan,nan,nan,0.0,cbs,16,nan,02_dense_intersection,3,0.0007800000503266347,0.012610999988282856,0.02138860002105499
0.28880208333333335,1077.0,nan,10.700853654474217,96.0,0.0,1.0,0.0,14808.752367621262,nan,nan,nan,nan,nan,nan,0.0,cbs,16,nan,02_dense_intersection,4,0.0004999999418942025,0.01087100008589914,0.016774399978203278
0.33567708333333335,1257.0,nan,17.890999561286446,108.0,0.0,1.0,0.0,25471.049923113213,nan,nan,nan,nan,nan,nan,0.0,cbs,16,nan,02_dense_intersection,5,0.0005000000555810402,0.011530000051607203,0.022816400019109978
0.3606770833333333,1353.0,nan,17.32004470936905,136.0,0.0,1.0,0.0,17005.657924073712,nan,nan,nan,nan,nan,nan,0.0,cbs,16,nan,02_dense_intersection,6,0.001740000016070553,0.012710999953924329,0.055241600034605556
0.3390625,1270.0,nan,10.692593595380302,117.0,0.0,1.0,0.0,10788.56255932718,nan,nan,nan,nan,nan,nan,0.0,cbs,16,nan,02_dense_intersection,7,0.0009499999578110874,0.020890999962830392,0.042749599970193106
0.30833333333333335,1152.0,nan,13.097211078248687,127.0,0.0,1.0,0.0,15660.104734800705,nan,nan,nan,nan,nan,nan,0.0,cbs,16,nan,02_dense_intersection,8,0.0025599999844416743,0.011200000017197453,0.017016399942804104
0.34322916666666664,1286.0,nan,14.59484019191756,118.0,0.0,1.0,0.0,23412.13532926926,nan,nan,nan,nan,nan,nan,0.0,cbs,16,nan,02_dense_intersection,9,0.002170000016121776,0.014720000081069884,0.20718340006169428
0.30104166666666665,1140.0,nan,16.545175844345472,118.0,0.0,1.0,0.0,31804.929764392105,nan,nan,nan,nan,nan,nan,0.0,orca,16,nan,02_dense_intersection,0,0.0005700000542674388,0.015132050054944553,0.018059910008787466
0.31328125,1187.0,nan,14.998046993737304,108.0,0.0,1.0,0.0,27210.24883093602,nan,nan,nan,nan,nan,nan,0.0,orca,16,nan,02_dense_intersection,1,0.0009399999498782563,0.08329700002604985,0.8089322899422616
0.31640625,1199.0,nan,7.84526634675384,112.0,0.0,1.0,0.0,39709.80077599358,nan,nan,nan,nan,nan,nan,0.0,orca,16,nan,02_dense_intersection,10,0.0007799999366397969,0.017293999923140277,0.05044139994197361
0.29244791666666664,1107.0,nan,16.261694453684292,118.0,0.0,1.0,0.0,21663.78011843906,nan,nan,nan,nan,nan,nan,0.0,orca,16,nan,02_dense_intersection,11,0.0005850000093232666,0.03373250000322508,1.7584169500548772
0.35442708333333334,1345.0,nan,10.530730447083007,131.0,0.0,1.0,0.0,27718.871966594157,nan,nan,nan,nan,nan,nan,0.0,orca,16,nan,02_dense_intersection,12,0.0062150000417204865,0.025230050005120574,0.031818199979625185
0.3221354166666667,1221.0,nan,14.417411520695735,111.0,0.0,1.0,0.0,30658.737465156788,nan,nan,nan,nan,nan,nan,0.0,orca,16,nan,02_dense_intersection,13,0.0008499999921696144,0.016226049996248534,0.04301534994397077
0.33541666666666664,1272.0,nan,7.523971134487414,103.0,0.0,1.0,0.0,22309.995528783526,nan,nan,nan,nan,nan,nan,0.0,orca,16,nan,02_dense_intersection,14,0.0008350000371137867,0.0291740500472315,0.0466183999174062
0.32890625,1247.0,nan,19.490916229207397,115.0,0.0,1.0,0.0,13547.225203735215,nan,nan,nan,nan,nan,nan,0.0,orca,16,nan,02_dense_intersection,15,0.0013050000120529148,0.027434950033011773,0.045992910016820744
0.30494791666666665,1155.0,nan,11.423279088472665,133.0,0.0,1.0,0.0,30346.20851336824,nan,nan,nan,nan,nan,nan,0.0,orca,16,nan,02_dense_intersection,16,0.00280499995142236,0.019164000025284605,0.11587693000137561
0.3307291666666667,1254.0,nan,11.722849976428064,130.0,0.0,1.0,0.0,139416.703746018,nan,nan,nan,nan,nan,nan,0.0,orca,16,nan,02_dense_intersection,17,0.002124999980424036,0.017549500034874647,0.026717700056906317
0.3265625,1238.0,nan,10.182195367235467,126.0,0.0,1.0,0.0,41759.414616430884,nan,nan,nan,nan,nan,nan,0.0,orca,16,nan,02_dense_intersection,18,0.0017699999830256274,0.017134449939248952,0.04248999991091275
0.30364583333333334,1150.0,nan,16.304338460072827,120.0,0.0,1.0,0.0,42758.29484250587,nan,nan,nan,nan,nan,nan,0.0,orca,16,nan,02_dense_intersection,19,0.0013449999869408202,0.018734500065420434,0.04621751002105109
0.29661458333333335,1123.0,nan,5.1438354006895,109.0,0.0,1.0,0.0,31703.25332171794,nan,nan,nan,nan,nan,nan,0.0,orca,16,nan,02_dense_intersection,2,0.0004999999987376214,0.015194499985682333,0.022359999951504433
0.28125,1064.0,nan,9.440801004463653,126.0,0.0,1.0,0.0,28130.09418415295,nan,nan,nan,nan,nan,nan,0.0,orca,16,nan,02_dense_intersection,20,0.0016805000200292852,0.01593554990790835,0.0532239999995448
0.30104166666666665,1140.0,nan,15.149542039775605,115.0,0.0,1.0,0.0,31717.414750239965,nan,nan,nan,nan,nan,nan,0.0,orca,16,nan,02_dense_intersection,21,0.000525000018569699,0.015174500083503512,0.027440900045121414
0.27395833333333336,1036.0,nan,15.309638539192752,107.0,0.0,1.0,0.0,53458.71183239349,nan,nan,nan,nan,nan,nan,0.0,orca,16,nan,02_dense_intersection,22,0.0004800000397153781,0.015342449995614516,0.024201200005791047
0.28411458333333334,1075.0,nan,15.48953043058531,131.0,0.0,1.0,0.0,30202.956315692132,nan,nan,nan,nan,nan,nan,0.0,orca,16,nan,02_dense_intersection,23,0.0018200000226897828,0.021151499930738275,0.22595106997186679
0.34036458333333336,1291.0,nan,8.033006169547525,129.0,0.0,1.0,0.0,28034.73363299493,nan,nan,nan,nan,nan,nan,0.0,orca,16,nan,02_dense_intersection,24,0.0017854999896371737,0.018122500023309833,0.671343969956965
0.33098958333333334,1255.0,nan,10.556884958071059,127.0,0.0,1.0,0.0,24570.318870539635,nan,nan,nan,nan,nan,nan,0.0,orca,16,nan,02_dense_intersection,25,0.002505000054497941,0.015903049967391766,0.04786940996495993
0.296875,1124.0,nan,16.37488509705463,113.0,0.0,1.0,0.0,24737.216038574094,nan,nan,nan,nan,nan,nan,0.0,orca,16,nan,02_dense_intersection,26,0.0008399999842367833,0.021052549971045657,0.04696161000538233
0.3536458333333333,1342.0,nan,7.37199855523624,123.0,0.0,1.0,0.0,18635.581894844527,nan,nan,nan,nan,nan,nan,0.0,orca,16,nan,02_dense_intersection,27,0.004599999954280065,0.027507950062499717,0.04436871006305408
0.3859375,1466.0,nan,4.6588101147201195,130.0,3.472222222222222e-05,1.0,0.0,34222.03197316469,nan,nan,nan,nan,nan,nan,0.0,orca,16,nan,02_dense_intersection,28,0.0048755000534583814,0.028302050048978344,0.048289700059740315
0.3268229166666667,1239.0,nan,9.130851358635374,131.0,0.0,1.0,0.0,31280.164179449355,nan,nan,nan,nan,nan,nan,0.0,orca,16,nan,02_dense_intersection,29,0.0025249999566767656,0.01648895008656836,0.024869200043440277
0.3453125,1310.0,nan,4.502276269306631,109.0,3.472222222222222e-05,1.0,0.0,24664.686161059108,nan,nan,nan,nan,nan,nan,0.0,orca,16,nan,02_dense_intersection,3,0.0005000000555810402,0.01690444997848317,0.03327070000068487
0.2903645833333333,1099.0,nan,10.08891861521117,98.0,0.0,1.0,0.0,43011.13809199512,nan,nan,nan,nan,nan,nan,0.0,orca,16,nan,02_dense_intersection,4,0.0005050000027040369,0.014811550033755335,0.024580709957717765
0.33645833333333336,1276.0,nan,15.204610505473589,109.0,0.0,1.0,0.0,30915.68789529155,nan,nan,nan,nan,nan,nan,0.0,orca,16,nan,02_dense_intersection,5,0.0004999999418942025,0.01652300001637741,0.027255500019691615
0.36171875,1373.0,nan,19.74252030610091,137.0,0.0,1.0,0.0,14111.592355613077,nan,nan,nan,nan,nan,nan,0.0,orca,16,nan,02_dense_intersection,6,0.00338500001362263,0.027713000008589,0.04234179998434227
0.34036458333333336,1291.0,nan,11.96432518917187,118.0,0.0,1.0,0.0,24663.773674555723,nan,nan,nan,nan,nan,nan,0.0,orca,16,nan,02_dense_intersection,7,0.000964999969710334,0.03032505006217434,0.08404761001088414
0.309375,1172.0,nan,13.785205807313785,128.0,0.0,0.9999999999999999,0.0,31448.588829871063,nan,nan,nan,nan,nan,nan,0.0,orca,16,nan,02_dense_intersection,8,0.004530500063992804,0.027728500037937916,0.04233700003055673
0.34453125,1307.0,nan,14.219053587929452,119.0,0.0,1.0,0.0,28255.78122131572,nan,nan,nan,nan,nan,nan,0.0,orca,16,nan,02_dense_intersection,9,0.001990000043861073,0.024791549998326445,0.040517190020636834
1.0,1212.0,95.42013374426328,14.56072265014112,121.0,0.0,0.9924605053754647,1.0,4393.626941598529,18.915143649226813,16.183951497283147,0.5102019515999241,45.13637593045762,0.06666666666666667,4.011111111111111,0.0,sdacs_hybrid,16,nan,02_dense_intersection,0,0.06352700000888944,0.600534050010992,5.815997149965134
1.0,1284.0,101.04129337144576,4.061931520758899,114.0,3.472222222222222e-05,0.9634089563079845,1.0,4743.180304767723,32.54524841156218,31.15326154525061,2.9123556114483304,57.94236593726265,0.06666666666666667,4.0,0.0,sdacs_hybrid,16,nan,02_dense_intersection,1,0.06282199996121562,0.234980649958059,6.101953020046266
1.0,1292.0,103.57073703021243,8.856173208339825,117.0,0.0,0.9794550611565334,1.0,4276.829935242768,19.988784255895148,18.05123673246992,3.401458323810732,39.40594690134303,0.06666666666666667,4.0,0.0,sdacs_hybrid,16,nan,02_dense_intersection,10,0.06326199996919968,0.17982599999868396,6.165663999959178
1.0,1194.0,95.4367903985732,16.95239079322582,119.0,0.0,0.9860174515686391,1.0,4799.654904810323,32.88998825785198,37.55363978016369,0.0,53.360448595078125,0.06666666666666667,4.0,0.0,sdacs_hybrid,16,nan,02_dense_intersection,11,0.07664750000913045,0.7684550000135455,1.7865141799597852
1.0,1436.0,104.950940158756,16.803567036085,139.0,0.0,0.9786040723348359,1.0,3142.54172519618,26.80744920987214,25.968379905364294,0.7006917571312694,54.21601107491282,0.06666666666666667,4.0,0.0,sdacs_hybrid,16,nan,02_dense_intersection,12,0.06955150001886068,1.3201686500053698,3.476663410010587
1.0,1301.0,100.30370161985627,14.231098323246766,118.0,0.0,0.9835260530717889,1.0,3758.3540576549376,33.972467548453345,24.312640474738036,1.681032320615537,83.66080243530325,0.06666666666666667,4.0,0.0,sdacs_hybrid,16,nan,02_dense_intersection,13,0.06419650003408606,0.34925355003565434,5.799147989984006
1.0,1365.0,103.28899580282128,10.000220985462038,110.0,0.0,0.9840851120631424,1.0,2190.7889647229363,21.37105810568346,22.855015341587855,1.953064423841611,43.48890598891684,0.06666666666666667,5.183333333333334,0.0,sdacs_hybrid,16,nan,02_dense_intersection,14,0.10756799997579947,2.16348060000655,8.817149370008778
1.0,1328.0,106.37061291584094,13.050433697334485,121.0,0.0,0.9863537129482056,1.0,2788.9205483036403,38.5242834526888,35.859071833151475,5.596078815107284,87.64674519167934,0.06666666666666667,4.0,0.0,sdacs_hybrid,16,nan,02_dense_intersection,15,0.1156280000031984,2.1976809499619776,4.311168920004319
1.0,1249.0,100.02980855937699,9.017614081085835,143.0,0.0,0.9772994097292107,1.0,1936.8159473737676,18.15898584550024,16.705707128949175,2.5520698309769387,38.237468642779824,0.06666666666666667,4.0,0.0,sdacs_hybrid,16,nan,02_dense_intersection,16,0.124173500012148,5.192603649970798,8.661335709977026
1.0,1328.0,96.29713161322985,10.296618863768243,131.0,0.0,0.9823479205675028,1.0,2720.0139681809646,20.80260823382173,19.42695324726353,0.0,46.7492828259056,0.06666666666666667,4.0,0.0,sdacs_hybrid,16,nan,02_dense_intersection,17,0.11589850004156688,3.764810050063254,4.774944700055812
1.0,1326.0,100.25681624008814,10.149591108115796,126.0,0.0,0.9827183285866852,1.0,2563.4663260008956,25.64054649066424,20.79501460132495,2.298025707216946,86.33916334508035,0.06666666666666667,4.0,0.0,sdacs_hybrid,16,nan,02_dense_intersection,18,0.11415850002549632,3.0012808999288105,6.264715230062164
1.0,1229.0,95.94040393335882,12.790929033160172,126.0,0.0,0.9796469218727427,1.0,2834.9321425342487,11.35288230119116,5.042167065033387,0.0,34.26324664084914,0.06666666666666667,4.0,0.0,sdacs_hybrid,16,nan,02_dense_intersection,19,0.11180299998159171,2.2223285499649066,5.7931731800090205
1.0,1218.0,98.55027573651651,10.635895877921385,109.0,0.0,0.9794523257255069,1.0,4250.156790940516,26.163450640784838,20.74609179130637,1.1369059377487394,57.36786012123806,0.06666666666666667,4.0,0.0,sdacs_hybrid,16,nan,02_dense_intersection,2,0.0642120000406976,0.7167005500491539,5.6529103499838
1.0,1150.0,98.6388484305998,10.289696822919348,129.0,0.0,0.9853278221211805,1.0,3351.5696895119263,35.58083374597594,25.893417998212342,0.68124655562771,81.12772231482518,0.06666666666666667,4.0,0.0,sdacs_hybrid,16,nan,02_dense_intersection,20,0.112322999996195,0.8311725999760696,6.217096809979239
1.0,1245.0,98.62836280651779,16.565282417225053,121.0,0.0,0.9655884664271566,1.0,3844.1904135754176,26.555237932040573,22.611959986725402,0.5549570959276902,54.44080571958279,0.06666666666666667,4.0,0.0,sdacs_hybrid,16,nan,02_dense_intersection,21,0.06564200003822407,1.3256585999556576,5.3694257300071495
1.0,1118.0,102.70298809995643,8.065220885108829,110.0,0.0,0.9802484658201138,1.0,5385.646753226219,24.701316705488644,22.193994982474,1.7198078942692439,71.88078561564078,0.06666666666666667,4.066666666666666,0.0,sdacs_hybrid,16,nan,02_dense_intersection,22,0.06056149993582949,0.4710310999087129,4.12720662000989
1.0,1157.0,99.89013350662627,15.458272323091188,137.0,0.0,0.9835191439182033,1.0,2910.373837156474,27.234491891596257,19.16035998717794,2.155066940656137,72.50532109909764,0.06666666666666667,4.0,0.0,sdacs_hybrid,16,nan,02_dense_intersection,23,0.0664670000105616,0.2041705000237923,8.161445709962436
1.0,1381.0,98.86995395479381,2.6144291301055644,133.0,3.472222222222222e-05,0.9808474688181732,1.0,3857.657206850046,30.13201068295423,24.009774854521417,0.23299330207093863,69.09402382973622,0.06666666666666667,4.0,0.0,sdacs_hybrid,16,nan,02_dense_intersection,24,0.0669269999775679,1.6573697000865175,5.1690407599971575
1.0,1336.0,97.15409259946429,4.046010097475925,136.0,3.472222222222222e-05,0.9839537027613079,1.0,3803.7553842980465,25.826076012496156,22.665516607479148,0.7932737197140904,61.27004970625088,0.06666666666666667,4.027777777777778,0.0,sdacs_hybrid,16,nan,02_dense_intersection,25,0.06496200001038233,0.15434804994356444,7.792709050011113
1.0,1202.0,102.85012204566608,6.469117265574594,119.0,0.0,0.9894026409636223,1.0,3982.60742237145,11.686577439140857,6.835544002741109,0.0,32.19439110753211,0.06666666666666667,4.0,0.0,sdacs_hybrid,16,nan,02_dense_intersection,26,0.06704650002120616,1.244940099894619,4.766075070001519
1.0,1425.0,99.28978624236026,8.442216270956036,129.0,0.0,0.9867018953226083,1.0,3464.525132046634,31.13375067297857,25.104318091002057,0.914597841365129,90.0,0.06666666666666667,4.0,0.0,sdacs_hybrid,16,nan,02_dense_intersection,27,0.06475699996144613,1.608461699964889,4.311257599957796
1.0,1556.0,106.3494669475355,5.4462923286545335,130.0,0.0,0.9883092295931445,1.0,3093.413987572979,16.259353101397746,12.27181385487274,0.0,46.102123509917504,0.06666666666666667,4.0,0.0,sdacs_hybrid,16,nan,02_dense_intersection,28,0.07002699999247852,1.2475411499735836,2.7702141699944463
1.0,1311.0,97.66226126923391,12.274205715625211,133.0,0.0,0.9856243583919186,1.0,3605.4040861049984,18.075565795995136,15.60627752639947,0.8125249088735318,39.663157287840846,0.06666666666666667,4.0,0.0,sdacs_hybrid,16,nan,02_dense_intersection,29,0.06781699994462542,0.7116495499644766,4.595371099984494
1.0,1394.0,100.0599913547415,4.954970648760804,115.0,3.472222222222222e-05,0.9849829084328908,1.0,2620.73636904525,25.660525292101017,20.51814941331785,0.5136195743700737,77.23538857600855,0.06666666666666667,4.0,0.0,sdacs_hybrid,16,nan,02_dense_intersection,3,0.11120799996433561,1.1960104998991028,4.303713649954941
1.0,1191.0,103.69083780891688,5.987856730704982,105.0,0.0,0.9443133180464025,1.0,2573.6195948941736,16.970614071069885,15.289117548091266,0.46858072780495036,38.543130948424,0.06666666666666667,4.0,0.0,sdacs_hybrid,16,nan,02_dense_intersection,4,0.05847150004001378,1.3318523000350482,8.006996929965446
1.0,1357.0,101.89062144635699,7.77965834813267,115.0,0.0,0.9636845721320038,1.0,3567.4403642128336,15.270809109922318,11.064001648095948,0.5160621305634856,37.778866308733626,0.06666666666666667,4.0,0.0,sdacs_hybrid,16,nan,02_dense_intersection,5,0.06385599999703118,0.18729749999693002,7.297399330000162
1.0,1459.0,100.51544392062594,19.720270468229735,141.0,0.0,0.9865288607275453,1.0,3296.6398544998456,20.293399959747912,21.314874405785776,2.5475708504709065,46.406162397151235,0.06666666666666667,4.0,0.0,sdacs_hybrid,16,nan,02_dense_intersection,6,0.06619199996293901,0.1742624999906183,7.445134019999364
1.0,1379.0,100.23373552097513,10.981975312403758,121.0,0.0,0.9850453222188037,1.0,3942.251145648307,24.977687963818408,21.07342370831726,0.0,70.79193582225172,0.06666666666666667,4.0,0.0,sdacs_hybrid,16,nan,02_dense_intersection,7,0.06405199997061573,0.1533170500067625,7.789743450063029
1.0,1258.0,95.54870376080075,8.974021281051021,137.0,0.0,0.9819297355416712,1.0,3217.8518267448053,25.552627290705434,23.928391800733927,1.2052753689963167,47.38872868203772,0.06666666666666667,4.0,0.0,sdacs_hybrid,16,nan,02_dense_intersection,8,0.06599650004091018,0.22024299999543442,7.784117169945816
1.0,1392.0,99.00600245302627,10.736549069932224,127.0,0.0,0.9837567989179494,1.0,3853.4601671919822,17.473507664484,15.210169433051124,0.2590358671183066,41.18838531361686,0.06666666666666667,4.0,0.0,sdacs_hybrid,16,nan,02_dense_intersection,9,0.0642219999349436,0.7783150999614269,6.142453710043583
0.4109375,1564.0,nan,12.816576041121154,240.0,0.0,0.8867678965245049,0.0,660.7602009769461,nan,nan,nan,nan,nan,nan,0.0,vo,16,nan,02_dense_intersection,0,0.2522319999798128,8.689985699948009,10.839055099954749
0.375,1424.0,nan,13.32456596665222,144.0,0.0,0.9201902354739449,0.0,819.8458275821883,nan,nan,nan,nan,nan,nan,0.0,vo,16,nan,02_dense_intersection,1,0.054486999999880936,6.890114999987418,9.007584530014578
0.403125,1533.0,nan,20.12592307526896,240.0,0.0,0.8945911507798683,0.0,653.7070140893036,nan,nan,nan,nan,nan,nan,0.0,vo,16,nan,02_dense_intersection,10,0.4004865000410973,7.610126799971791,8.921732499970858
0.3651041666666667,1386.0,nan,4.805019357314581,145.0,3.472222222222222e-05,0.901375818771825,0.0,884.0248922550371,nan,nan,nan,nan,nan,nan,0.0,vo,16,nan,02_dense_intersection,11,0.1358490000029633,6.1646996499973685,7.755817800018571
0.42526041666666664,1618.0,nan,12.29770362518181,240.0,0.0,0.9258908099943366,0.0,628.9248596349399,nan,nan,nan,nan,nan,nan,0.0,vo,16,nan,02_dense_intersection,12,0.2747275000274385,8.786958000007417,8.98956209004609
0.39140625,1488.0,nan,12.737316050878981,240.0,0.0,0.9279392912639246,0.0,550.5563446416644,nan,nan,nan,nan,nan,nan,0.0,vo,16,nan,02_dense_intersection,13,0.5271145000165234,7.236378049947233,8.126747190001424
0.37942708333333336,1441.0,nan,27.334345382431522,122.0,0.0,0.9505878892658548,0.0,537.9689122245621,nan,nan,nan,nan,nan,nan,0.0,vo,16,nan,02_dense_intersection,14,0.0888325000119039,8.740747099915325,9.822636840042373
0.40078125,1524.0,nan,12.230798447510118,240.0,0.0,0.9315192052182797,0.0,496.2238881795998,nan,nan,nan,nan,nan,nan,0.0,vo,16,nan,02_dense_intersection,15,0.2872434999972029,9.11663520003003,9.948709879987513
0.39401041666666664,1498.0,nan,13.705506215179692,240.0,0.0,0.8916889031821607,0.0,572.4739716001644,nan,nan,nan,nan,nan,nan,0.0,vo,16,nan,02_dense_intersection,16,0.2064260000338436,8.32914864995473,9.60642052999219
0.3984375,1515.0,nan,14.760959304192678,240.0,0.0,0.9199693267163095,0.0,699.1978793187377,nan,nan,nan,nan,nan,nan,0.0,vo,16,nan,02_dense_intersection,17,0.14733399996202934,6.804082499985497,7.946537459951056
0.41067708333333336,1562.0,nan,15.90400684972114,240.0,0.0,0.9073817934201827,0.0,671.2830484917777,nan,nan,nan,nan,nan,nan,0.0,vo,16,nan,02_dense_intersection,18,0.2000654999960716,6.721628049967875,7.623513209970263
0.42421875,1615.0,nan,11.088738789098274,240.0,0.0,0.8643244417329464,0.0,663.2669298855767,nan,nan,nan,nan,nan,nan,0.0,vo,16,nan,02_dense_intersection,19,0.3291940000167415,6.8021614499912175,7.72865943993679
0.33880208333333334,1285.0,nan,23.171228077868832,114.0,0.0,0.9406917341613021,0.0,811.4167938684176,nan,nan,nan,nan,nan,nan,0.0,vo,16,nan,02_dense_intersection,2,0.0034799999752976873,7.327572099973164,8.813082200081226
0.3921875,1492.0,nan,37.48684356531804,240.0,0.0,0.8935060712582521,0.0,724.2152572457766,nan,nan,nan,nan,nan,nan,0.0,vo,16,nan,02_dense_intersection,20,0.2826430000482105,6.936068149940397,9.451951589995799
0.37578125,1427.0,nan,10.271232604094607,151.0,0.0,0.9151655376666223,0.0,761.9933805253335,nan,nan,nan,nan,nan,nan,0.0,vo,16,nan,02_dense_intersection,21,0.306038999951852,6.721481499977243,7.849050930053634
0.3841145833333333,1461.0,nan,16.10823095369677,240.0,0.0,0.8795950110141854,0.0,762.165608850158,nan,nan,nan,nan,nan,nan,0.0,vo,16,nan,02_dense_intersection,22,0.12914899997440443,6.793642049990467,10.422741709960519
0.3489583333333333,1325.0,nan,21.437901369433234,240.0,0.0,0.9271138873821334,0.0,724.3869868334257,nan,nan,nan,nan,nan,nan,0.0,vo,16,nan,02_dense_intersection,23,0.09041249995789258,7.411889600052745,10.833435299977054
0.46015625,1753.0,nan,20.587018458791047,240.0,0.0,0.8893985580670383,0.0,578.8002234419473,nan,nan,nan,nan,nan,nan,0.0,vo,16,nan,02_dense_intersection,24,0.356849499951295,7.241119799954276,8.894302499999185
0.40078125,1524.0,nan,35.20312308816347,240.0,0.0,0.9263731589385078,0.0,631.6573476811839,nan,nan,nan,nan,nan,nan,0.0,vo,16,nan,02_dense_intersection,25,0.4050614999755453,6.885726849986894,9.46875664995103
0.40625,1546.0,nan,34.8877872159645,240.0,0.0,0.9023415761317093,0.0,631.830324388303,nan,nan,nan,nan,nan,nan,0.0,vo,16,nan,02_dense_intersection,26,0.3256790000705223,6.8577870500746485,8.886699299957854
0.48671875,1856.0,nan,10.38733135084132,240.0,0.0,0.8862194211776121,0.0,506.65813279859503,nan,nan,nan,nan,nan,nan,0.0,vo,16,nan,02_dense_intersection,27,0.7083600000328261,7.259434650012507,8.773788430002012
0.446875,1700.0,nan,12.86421700439343,139.0,0.0,0.9368867696682341,0.0,572.8675793245459,nan,nan,nan,nan,nan,nan,0.0,vo,16,nan,02_dense_intersection,28,0.3002634999802467,7.362720050036841,8.874497220058402
0.5046875,1926.0,nan,13.562595192909397,240.0,0.0,0.8546809310109145,0.0,486.15221741922977,nan,nan,nan,nan,nan,nan,0.0,vo,16,nan,02_dense_intersection,29,0.7342155000742423,7.541015799978363,9.524685470054234
0.46041666666666664,1754.0,nan,7.237760854621097,240.0,0.0,0.8943976556621231,0.0,673.3485436783171,nan,nan,nan,nan,nan,nan,0.0,vo,16,nan,02_dense_intersection,3,0.40166599995927754,6.8078816000195275,6.935219420000748
0.378125,1437.0,nan,9.727360796000811,240.0,0.0,0.8606517298590839,0.0,810.3339429735063,nan,nan,nan,nan,nan,nan,0.0,vo,16,nan,02_dense_intersection,4,0.09812250004870293,6.63259424999296,8.539633640028784
0.45755208333333336,1743.0,nan,13.57800769367968,240.0,0.0,0.8914457123298171,0.0,562.1944749733149,nan,nan,nan,nan,nan,nan,0.0,vo,16,nan,02_dense_intersection,5,0.2904529999909755,8.254588549988284,8.849747510041652
0.42890625,1632.0,nan,13.623519802560997,240.0,0.0,0.9414568295897221,0.0,654.8480187382254,nan,nan,nan,nan,nan,nan,0.0,vo,16,nan,02_dense_intersection,6,0.3512554999929307,7.554286300091916,8.8391229100273
0.48203125,1837.0,nan,10.622970018972907,240.0,0.0,0.8705749123740214,0.0,538.9083752045115,nan,nan,nan,nan,nan,nan,0.0,vo,16,nan,02_dense_intersection,7,0.4600924999635936,8.76583005002658,9.063213809996567
0.3736979166666667,1420.0,nan,28.27960796514183,240.0,0.0,0.9286912867401551,0.0,768.4939239555074,nan,nan,nan,nan,nan,nan,0.0,vo,16,nan,02_dense_intersection,8,0.27331249998496787,6.748671100035607,7.017715810007985
0.4591145833333333,1749.0,nan,16.97011759609711,240.0,0.0,0.8941453056075266,0.0,560.1591862241495,nan,nan,nan,nan,nan,nan,0.0,vo,16,nan,02_dense_intersection,9,0.31700900007081145,8.691293549992452,8.860752290015625
0.31527777777777777,438.0,nan,34.118832686439816,77.0,0.0,1.0,0.0,7922.284850343214,nan,nan,nan,nan,nan,nan,0.0,cbs,8,nan,03_emergency_landing,0,0.0003500000502754119,0.005969999961052963,0.03356239997174234
0.29375,407.0,nan,21.895895877069346,70.0,0.0,1.0,0.0,15104.686808229504,nan,nan,nan,nan,nan,nan,0.0,cbs,8,nan,03_emergency_landing,1,0.00031000001854408765,0.005620000024464389,0.02588480003851144
0.3402777777777778,474.0,nan,27.611220406504803,74.0,0.0,1.0,0.0,7863.572950658129,nan,nan,nan,nan,nan,nan,0.0,cbs,8,nan,03_emergency_landing,10,0.0003200000264769187,0.006070000040381274,0.04104540000753237
0.27847222222222223,385.0,nan,15.361765118934702,77.0,0.0,0.9999999999999999,0.0,11037.880903442654,nan,nan,nan,nan,nan,nan,0.0,cbs,8,nan,03_emergency_landing,11,0.0005199999577598646,0.009840999950938567,0.04784519999247997
0.3236111111111111,450.0,nan,45.650697930058875,81.0,0.0,1.0,0.0,14118.825288658058,nan,nan,nan,nan,nan,nan,0.0,cbs,8,nan,03_emergency_landing,12,0.0003300000344097498,0.005689999966307369,0.019096799996987025
0.32222222222222224,448.0,nan,19.076222314557565,73.0,0.0,1.0,0.0,7542.2681276500825,nan,nan,nan,nan,nan,nan,0.0,cbs,8,nan,03_emergency_landing,13,0.0003200000264769187,0.0059909999663432245,0.0268212000037237
0.26458333333333334,365.0,nan,26.45119802738444,67.0,0.0,1.0,0.0,14925.525359749474,nan,nan,nan,nan,nan,nan,0.0,cbs,8,nan,03_emergency_landing,14,0.0003000000106112566,0.005900000019209983,0.010840999993888326
0.3159722222222222,439.0,nan,18.853813507821986,73.0,0.0,1.0,0.0,12008.720732980735,nan,nan,nan,nan,nan,nan,0.0,cbs,8,nan,03_emergency_landing,15,0.00032999992072291207,0.00643999999283551,0.017796199927033643
0.24722222222222223,340.0,nan,17.213643498082906,68.0,0.0,1.0,0.0,18299.8150193247,nan,nan,nan,nan,nan,nan,0.0,cbs,8,nan,03_emergency_landing,16,0.0003000000106112566,0.005790999921373441,0.05266879995815371
0.30694444444444446,426.0,nan,14.440176060670952,86.0,0.0,1.0,0.0,11510.139217707987,nan,nan,nan,nan,nan,nan,0.0,cbs,8,nan,03_emergency_landing,17,0.00034000004234258085,0.0054700000191587606,0.010743999996520676
0.2881944444444444,399.0,nan,48.1826171698227,83.0,0.0,1.0,0.0,9200.231068915147,nan,nan,nan,nan,nan,nan,0.0,cbs,8,nan,03_emergency_landing,18,0.0003200000264769187,0.00553999996100174,0.01481699994201319
0.28402777777777777,393.0,nan,45.80124860286959,79.0,0.0,1.0,0.0,9058.497512303731,nan,nan,nan,nan,nan,nan,0.0,cbs,8,nan,03_emergency_landing,19,0.0003200000264769187,0.00593999993725447,0.016684999968674577
0.26805555555555555,370.0,nan,25.205622261967505,71.0,0.0,1.0,0.0,6085.066182703907,nan,nan,nan,nan,nan,nan,0.0,cbs,8,nan,03_emergency_landing,2,0.00031000001854408765,0.005979999968985794,0.016088200004560176
0.24444444444444444,336.0,nan,14.20082086195815,83.0,0.0,1.0,0.0,18399.954286361823,nan,nan,nan,nan,nan,nan,0.0,cbs,8,nan,03_emergency_landing,20,0.0003200000264769187,0.005379999947763281,0.009172000000034845
0.28680555555555554,397.0,nan,23.228770768534496,75.0,0.0,0.9999999999999999,0.0,18360.988041564244,nan,nan,nan,nan,nan,nan,0.0,cbs,8,nan,03_emergency_landing,21,0.00035999994452140527,0.005531000056180346,0.010104000011778953
0.24097222222222223,331.0,nan,9.827032312776588,70.0,0.0,1.0,0.0,14772.674393251795,nan,nan,nan,nan,nan,nan,0.0,cbs,8,nan,03_emergency_landing,22,0.0005100000635138713,0.008921000016925973,0.03023900003427095
0.20347222222222222,277.0,nan,28.54075729580962,57.0,0.0,1.0,0.0,23674.703263788153,nan,nan,nan,nan,nan,nan,0.0,cbs,8,nan,03_emergency_landing,23,0.0003000000106112566,0.005229999942457653,0.009378200024911887
0.27291666666666664,377.0,nan,12.681394722454852,85.0,0.0,1.0,0.0,18111.354037989684,nan,nan,nan,nan,nan,nan,0.0,cbs,8,nan,03_emergency_landing,24,0.0005299999656926957,0.00922000003811263,0.024921000090216507
0.2972222222222222,412.0,nan,21.990330015179712,80.0,0.0,1.0,0.0,16185.229521444639,nan,nan,nan,nan,nan,nan,0.0,cbs,8,nan,03_emergency_landing,25,0.000580000005356851,0.009429999977328407,0.017830400065576693
0.2777777777777778,384.0,nan,14.924324558152657,62.0,0.0,1.0,0.0,16217.735715739855,nan,nan,nan,nan,nan,nan,0.0,cbs,8,nan,03_emergency_landing,26,0.0003000000106112566,0.005639999926643213,0.015384999983325131
0.33055555555555555,460.0,nan,9.251795952317929,81.0,0.0,1.0,0.0,17389.22268147921,nan,nan,nan,nan,nan,nan,0.0,cbs,8,nan,03_emergency_landing,27,0.0004900000476482091,0.006219999932000064,0.02287419999902335
0.3576388888888889,499.0,nan,29.40737969551079,86.0,0.0,1.0,0.0,18381.164698066234,nan,nan,nan,nan,nan,nan,0.0,cbs,8,nan,03_emergency_landing,28,0.0005700001111108577,0.009650000038163853,0.022110999998403557
0.3145833333333333,437.0,nan,24.656062542427144,86.0,0.0,1.0,0.0,7962.840079628875,nan,nan,nan,nan,nan,nan,0.0,cbs,8,nan,03_emergency_landing,29,0.0003500000502754119,0.005519999945136078,0.010978199952660157
0.28888888888888886,400.0,nan,18.339446261598198,68.0,0.0,1.0,0.0,8005.161728287003,nan,nan,nan,nan,nan,nan,0.0,cbs,8,nan,03_emergency_landing,3,0.000580000005356851,0.009429999977328407,0.07596220002596737
0.31319444444444444,435.0,nan,15.649203086248297,64.0,0.0,1.0,0.0,12406.58872574484,nan,nan,nan,nan,nan,nan,0.0,cbs,8,nan,03_emergency_landing,4,0.000319999912790081,0.006240000061552564,0.012546000016300074
0.3458333333333333,482.0,nan,11.133202993593185,69.0,0.0,1.0,0.0,11364.373900035373,nan,nan,nan,nan,nan,nan,0.0,cbs,8,nan,03_emergency_landing,5,0.0005299999656926957,0.013510000030692026,0.09143219999714139
0.3347222222222222,466.0,nan,28.272462746284674,90.0,0.0,1.0,0.0,10543.733296973765,nan,nan,nan,nan,nan,nan,0.0,cbs,8,nan,03_emergency_landing,6,0.0019899999870176543,0.016871000070750597,0.0348151999787658
0.29791666666666666,413.0,nan,21.561923848878358,78.0,0.0,1.0,0.0,12055.85396776706,nan,nan,nan,nan,nan,nan,0.0,cbs,8,nan,03_emergency_landing,7,0.00031000001854408765,0.006060000032448443,0.022156999966682522
0.25069444444444444,345.0,nan,31.95751269842712,68.0,0.0,1.0,0.0,10519.541450858684,nan,nan,nan,nan,nan,nan,0.0,cbs,8,nan,03_emergency_landing,8,0.00031000001854408765,0.005429999987427436,0.02393019997271037
0.30277777777777776,420.0,nan,24.233111623607016,78.0,0.0,1.0,0.0,11539.900327275793,nan,nan,nan,nan,nan,nan,0.0,cbs,8,nan,03_emergency_landing,9,0.0004599999101628782,0.008449999995718827,0.01777419995505594
0.3159722222222222,447.0,nan,34.46087110440712,79.0,0.0,1.0,0.0,248598.18245779173,nan,nan,nan,nan,nan,nan,0.0,orca,8,nan,03_emergency_landing,0,0.0003300000344097498,0.008600450087214988,0.013494809988969842
0.29583333333333334,418.0,nan,22.718017922679635,72.0,0.0,1.0,0.0,48554.38752333554,nan,nan,nan,nan,nan,nan,0.0,orca,8,nan,03_emergency_landing,1,0.0003300000344097498,0.008973550063728906,0.0297897099517289
0.3423611111111111,485.0,nan,24.903101304347494,75.0,0.0,1.0,0.0,20553.050620827027,nan,nan,nan,nan,nan,nan,0.0,orca,8,nan,03_emergency_landing,10,0.000339999985499162,0.009071550033468156,0.021020009982067066
0.2791666666666667,394.0,nan,14.094847037198344,79.0,0.0,1.0,0.0,35783.723177255895,nan,nan,nan,nan,nan,nan,0.0,orca,8,nan,03_emergency_landing,11,0.0005400000873123645,0.013584500061369903,0.029113020004843164
0.325,460.0,nan,46.48047455976913,82.0,0.0,1.0,0.0,29886.242997460937,nan,nan,nan,nan,nan,nan,0.0,orca,8,nan,03_emergency_landing,12,0.00035999994452140527,0.01865199999429023,0.17529193997006715
0.3236111111111111,458.0,nan,18.135307215240996,74.0,0.0,1.0,0.0,255351.74704325825,nan,nan,nan,nan,nan,nan,0.0,orca,8,nan,03_emergency_landing,13,0.0003000000106112566,0.008123499964085566,0.014020609988847436
0.26666666666666666,376.0,nan,26.629263380134095,69.0,0.0,1.0,0.0,289297.44117146725,nan,nan,nan,nan,nan,nan,0.0,orca,8,nan,03_emergency_landing,14,0.0003000000106112566,0.008621049909152134,0.015630310007282038
0.31875,451.0,nan,18.060795612125663,74.0,0.0,1.0,0.0,18233.43168581549,nan,nan,nan,nan,nan,nan,0.0,orca,8,nan,03_emergency_landing,15,0.0003500000502754119,0.008589049963347847,0.02665202004436705
0.24861111111111112,350.0,nan,18.242764525179567,69.0,0.0,1.0,0.0,25895.66263462025,nan,nan,nan,nan,nan,nan,0.0,orca,8,nan,03_emergency_landing,16,0.0005599999894911889,0.007901500015350393,0.019693910030582906
0.30972222222222223,438.0,nan,13.774897473731121,87.0,0.0,1.0,0.0,178421.3280944664,nan,nan,nan,nan,nan,nan,0.0,orca,8,nan,03_emergency_landing,17,0.0005199999577598646,0.011390549946099782,0.016254300037417145
0.2881944444444444,407.0,nan,47.88493318767535,84.0,0.0,1.0,0.0,260567.83520181774,nan,nan,nan,nan,nan,nan,0.0,orca,8,nan,03_emergency_landing,18,0.0003200000264769187,0.007893949992876513,0.011434099951657119
0.28541666666666665,403.0,nan,46.108656045842,80.0,0.0,1.0,0.0,263246.798291548,nan,nan,nan,nan,nan,nan,0.0,orca,8,nan,03_emergency_landing,19,0.00041000009787239833,0.00760054997499536,0.014641300047060296
0.26944444444444443,380.0,nan,24.330289474574375,73.0,0.0,0.9999999999999999,0.0,47956.7494060961,nan,nan,nan,nan,nan,nan,0.0,orca,8,nan,03_emergency_landing,2,0.0003200000264769187,0.008880999962457264,0.03941885001836468
0.24583333333333332,346.0,nan,14.10612117933782,84.0,0.0,1.0,0.0,297359.93933042436,nan,nan,nan,nan,nan,nan,0.0,orca,8,nan,03_emergency_landing,20,0.0003299999775663309,0.007006449970958782,0.012602900023921396
0.28888888888888886,408.0,nan,26.517341120794477,77.0,0.0,1.0,0.0,239511.0780553134,nan,nan,nan,nan,nan,nan,0.0,orca,8,nan,03_emergency_landing,21,0.00031000001854408765,0.010282449960641316,0.015361610038553434
0.24166666666666667,340.0,nan,9.729033242380615,72.0,0.0,1.0,0.0,286739.2647748215,nan,nan,nan,nan,nan,nan,0.0,orca,8,nan,03_emergency_landing,22,0.00031000001854408765,0.007112500065886706,0.010343399954990694
0.20625,289.0,nan,28.71998867735949,59.0,0.0,1.0,0.0,26300.881795311918,nan,nan,nan,nan,nan,nan,0.0,orca,8,nan,03_emergency_landing,23,0.0003000000106112566,0.012593950066275275,0.04797000995495228
0.2743055555555556,387.0,nan,11.224646374606804,86.0,0.0,1.0,0.0,287279.7322368268,nan,nan,nan,nan,nan,nan,0.0,orca,8,nan,03_emergency_landing,24,0.0003350000383761653,0.007130050079240391,0.010036199986416267
0.2972222222222222,420.0,nan,20.755665939272966,81.0,0.0,1.0,0.0,261791.5266930206,nan,nan,nan,nan,nan,nan,0.0,orca,8,nan,03_emergency_landing,25,0.0003300000344097498,0.007582949962170452,0.011696509990315471
0.28055555555555556,396.0,nan,16.29331230079522,64.0,0.0,1.0,0.0,264967.34276097023,nan,nan,nan,nan,nan,nan,0.0,orca,8,nan,03_emergency_landing,26,0.000319999912790081,0.008643550012266124,0.01368310993370872
0.33194444444444443,470.0,nan,9.971676311024355,82.0,0.0,1.0,0.0,26783.295021139944,nan,nan,nan,nan,nan,nan,0.0,orca,8,nan,03_emergency_landing,27,0.00032999992072291207,0.008650999933479397,0.018474710055898232
0.3597222222222222,510.0,nan,29.020471676750276,87.0,0.0,1.0,0.0,59647.40431128045,nan,nan,nan,nan,nan,nan,0.0,orca,8,nan,03_emergency_landing,28,0.0003799999603870674,0.009100499943315299,0.01785440005846802
0.3159722222222222,447.0,nan,24.01126048573215,87.0,0.0,1.0,0.0,26234.749412392684,nan,nan,nan,nan,nan,nan,0.0,orca,8,nan,03_emergency_landing,29,0.0004000000330961484,0.009825500058013857,0.030676719953817384
0.2916666666666667,412.0,nan,19.51478765499459,69.0,0.0,1.0,0.0,65348.1586536956,nan,nan,nan,nan,nan,nan,0.0,orca,8,nan,03_emergency_landing,3,0.0003500000502754119,0.009160499990912285,0.02960261996008779
0.3138888888888889,444.0,nan,15.300579104097785,65.0,0.0,1.0,0.0,248831.8725748059,nan,nan,nan,nan,nan,nan,0.0,orca,8,nan,03_emergency_landing,4,0.00031000001854408765,0.009130450058592029,0.02278050003837964
0.3458333333333333,490.0,nan,10.394992393975267,70.0,0.0,1.0,0.0,30044.38055793179,nan,nan,nan,nan,nan,nan,0.0,orca,8,nan,03_emergency_landing,5,0.00031999996963349986,0.009498950015540682,0.038094309994676556
0.3375,478.0,nan,28.132118732281324,92.0,0.0,1.0,0.0,37869.607367633645,nan,nan,nan,nan,nan,nan,0.0,orca,8,nan,03_emergency_landing,6,0.0013500000477506546,0.00783349996140714,0.010226699999975625
0.3,424.0,nan,22.453055074961643,79.0,0.0,1.0,0.0,24891.71412938407,nan,nan,nan,nan,nan,nan,0.0,orca,8,nan,03_emergency_landing,7,0.00032999992072291207,0.008912000015470767,0.0210751100303244
0.25069444444444444,353.0,nan,32.37481761027088,69.0,0.0,1.0,0.0,70171.55385603507,nan,nan,nan,nan,nan,nan,0.0,orca,8,nan,03_emergency_landing,8,0.0004899999339613714,0.012704499937399296,0.26812963998281825
0.30416666666666664,430.0,nan,23.99867379712177,80.0,0.0,1.0,0.0,33072.11263886506,nan,nan,nan,nan,nan,nan,0.0,orca,8,nan,03_emergency_landing,9,0.0003200000264769187,0.011142000079189529,0.5354235900574678
1.0,466.0,106.95238677803567,6.142659613957707,85.0,0.0,0.9912641571343557,1.0,5652.221096818695,14.44372803546172,13.649156291343491,0.40514661329556323,29.341366652228757,0.044444444444444446,2.0037037037037035,0.0,sdacs_hybrid,8,nan,03_emergency_landing,0,0.04918600001246887,0.12728955006764398,6.1658694000334435
1.0,445.0,101.33538407020016,23.285629096306295,73.0,0.0,0.977735181579127,1.0,5960.108398465766,24.320327962992632,17.75476011453498,3.729693708847527,47.4231527341345,0.044444444444444446,2.007407407407407,0.0,sdacs_hybrid,8,nan,03_emergency_landing,1,0.012135000019952713,0.14015104997042707,4.479369180043027
1.0,511.0,95.72610552725973,23.834206915209073,80.0,0.0,0.9825055842683897,1.0,3990.705381118651,14.733951699568275,14.645268932757697,1.4467903399136544,28.1452689327577,0.044444444444444446,2.5925925925925926,0.0,sdacs_hybrid,8,nan,03_emergency_landing,10,0.0413559999969948,0.17621099995039904,6.458968759977781
1.0,413.0,98.61342698398897,8.867589000666177,84.0,0.0,0.9886315083912826,1.0,4209.65405576792,5.2758336775096,1.4885796570652228,0.0,18.50661698373319,0.044444444444444446,2.0148148148148146,0.0,sdacs_hybrid,8,nan,03_emergency_landing,11,0.052321500049856695,1.5606881000053354,5.273174580021306
1.0,484.0,103.0197049294166,14.893579868938522,88.0,0.0,0.9863063296811265,1.0,4555.138586043558,12.010503192298842,10.70927147196082,0.4255626256502267,25.257560856630835,0.044444444444444446,2.0444444444444443,0.0,sdacs_hybrid,8,nan,03_emergency_landing,12,0.0513814999862916,0.1486535500191621,6.3839342099561325
1.0,485.0,101.08488897911718,20.670968016850342,77.0,0.0,0.9672030218530299,1.0,7037.271815477113,21.007163279178418,15.82196386881694,3.2646967132801947,52.31642953658742,0.044444444444444446,2.059259259259259,0.0,sdacs_hybrid,8,nan,03_emergency_landing,13,0.028310499999406602,0.4332559499346132,2.3339309499749605
1.0,408.0,97.95559028375968,37.41002735730262,76.0,0.0,0.9717863729051015,1.0,4105.868168374698,20.420600872726165,14.847693038674493,2.4479660947188844,34.90211832099126,0.044444444444444446,3.8333333333333335,0.0,sdacs_hybrid,8,nan,03_emergency_landing,14,0.05160099999557133,0.9631344500121434,4.978534370036439
1.0,477.0,102.3836021297673,17.95471094323124,75.0,0.0,0.9827597201520935,1.0,4389.343123586984,11.719306372208754,11.683825419081053,1.1680501858544978,22.18657118442672,0.044444444444444446,2.6148148148148147,0.0,sdacs_hybrid,8,nan,03_emergency_landing,15,0.0426515000526706,0.17420605003621786,7.141054200023973
1.0,374.0,98.870294874385,21.492398994322496,76.0,0.0,0.9801144738141498,1.0,5669.839750493,10.049583349721232,6.573325684471953,0.10559240839721461,24.573314511074045,0.044444444444444446,2.059259259259259,0.0,sdacs_hybrid,8,nan,03_emergency_landing,16,0.019245500027409435,0.1308614500544536,6.163683979974621
1.0,464.0,104.49634624658121,18.58625916264421,88.0,0.0,0.9660226767396638,1.0,5571.246007009844,9.27710875744898,5.698297754050677,0.7124838962574397,21.562413275953507,0.044444444444444446,2.5925925925925926,0.0,sdacs_hybrid,8,nan,03_emergency_landing,17,0.053096499982530077,0.14327699997238594,5.575678129973782
1.0,424.0,102.01899885340684,31.724200109609896,84.0,0.0,0.9907939884764224,1.0,5970.364899753205,37.91822626299956,57.96632789667929,5.490776876214942,57.96632789667929,0.044444444444444446,2.566666666666667,0.0,sdacs_hybrid,8,nan,03_emergency_landing,18,0.04732650000960348,0.1390740000545065,6.085251389989708
1.0,430.0,102.01230891400886,9.77580919278234,81.0,0.0,0.9655981779304498,1.0,5570.359818330458,6.426148388098085,4.639222591335761,0.4639222591335761,13.639222574796218,0.044444444444444446,2.0,0.0,sdacs_hybrid,8,nan,03_emergency_landing,19,0.042245999964052316,0.14086649997011577,6.234535160031102
1.0,407.0,98.52570106422229,15.863200400329534,78.0,0.0,0.9776702725547055,1.0,7638.191756532491,36.997655472738934,47.1505458583962,4.942460833239682,47.1505458583962,0.044444444444444446,2.611111111111111,0.0,sdacs_hybrid,8,nan,03_emergency_landing,2,0.020395499973346887,0.48139344993387556,1.6110974799767088
1.0,368.0,98.0256617453785,5.045196022027056,87.0,0.0,0.9779266047087005,1.0,5558.800934519563,12.10481574750677,14.953561937169132,2.6132821944942854,14.953561937169132,0.044444444444444446,2.0185185185185186,0.0,sdacs_hybrid,8,nan,03_emergency_landing,20,0.05244649997848683,0.46654120007474115,3.8074624499688627
1.0,432.0,98.46574335956326,24.62127529941465,83.0,0.0,0.9796432621629143,1.0,5011.898804640906,12.262057180770995,12.07475126564869,1.3183345055078077,23.674045434311964,0.044444444444444446,2.0259259259259257,0.0,sdacs_hybrid,8,nan,03_emergency_landing,21,0.048981000020376086,0.3442450000363801,6.170505170017578
1.0,374.0,104.09528113262652,13.564989436787943,80.0,0.0,0.9622741916239308,1.0,6033.924129381606,23.086084630394776,24.111307914992963,2.7159995485887234,40.3355614938365,0.044444444444444446,2.033333333333333,0.0,sdacs_hybrid,8,nan,03_emergency_landing,22,0.0450465000199074,0.1457125000172253,5.440592889989383
1.0,323.0,106.05115021903379,27.803944836054637,65.0,0.0,0.9546320259200507,1.0,3805.0713525962656,19.466290706790268,28.131918467958368,2.3226387544726967,28.131918467958368,0.044444444444444446,2.6,0.0,sdacs_hybrid,8,nan,03_emergency_landing,23,0.01769050004440942,0.4136807999714128,5.4686658900345835
1.0,417.0,100.09177877719549,10.13359216647825,90.0,0.0,0.9749428797393398,1.0,4453.738131281877,13.3565564396195,16.97596969544331,1.4411438091756255,20.797187206315186,0.044444444444444446,2.0555555555555554,0.0,sdacs_hybrid,8,nan,03_emergency_landing,24,0.05019599996103352,0.14441950002606052,8.2272315300213
1.0,434.0,97.1159863675701,19.733536039175302,80.0,0.0,0.9872212240997802,1.0,4528.516521393484,14.73772723060386,11.368706470506867,2.9831830015949414,28.93437713496696,0.044444444444444446,2.6370370370370373,0.0,sdacs_hybrid,8,nan,03_emergency_landing,25,0.03679100001363622,0.17652050007086464,8.149194729993496
1.0,425.0,98.87838421460344,10.953323882282213,72.0,0.0,0.9755137375877325,1.0,4585.60031825777,11.530907910013708,12.793599193704146,3.6681406732320627,20.68172723335111,0.044444444444444446,2.0296296296296297,0.0,sdacs_hybrid,8,nan,03_emergency_landing,26,0.011110499997357692,0.1346565499716229,8.144650220040148
1.0,495.0,100.70731904584125,4.759594140470161,88.0,0.0001984126984126984,0.9812854917651962,1.0,7959.473544476698,22.449618713836426,17.627591845214553,0.5265355081827617,46.01623148593987,0.044444444444444446,2.0037037037037035,0.0,sdacs_hybrid,8,nan,03_emergency_landing,27,0.05164600008811249,0.124865449936351,4.145947000017713
1.0,536.0,107.04446966627512,24.714649384236704,87.0,0.0,0.9842665822517443,1.0,4813.837793942122,7.612570831214758,2.7838548252735777,0.0,24.49787799520187,0.044444444444444446,2.6185185185185187,0.0,sdacs_hybrid,8,nan,03_emergency_landing,28,0.051696500008802104,0.13351949996831533,7.383543899927654
1.0,474.0,102.02292240313405,25.4298709685501,92.0,0.0,0.977440586570097,1.0,4806.260442602659,7.656744562883602,5.318194272434056,0.03367052089577017,18.44696191179918,0.044444444444444446,2.6444444444444444,0.0,sdacs_hybrid,8,nan,03_emergency_landing,29,0.06355150009085264,0.6393205499875868,2.6391485799717906
1.0,443.0,99.61934167733767,16.806597160694484,75.0,0.0,0.9774290797916498,1.0,3281.8753510936867,12.46639597160067,13.035836532743494,1.2143439028087617,24.226306646586245,0.044444444444444446,2.72962962962963,0.0,sdacs_hybrid,8,nan,03_emergency_landing,3,0.019020500019450992,0.2987680499756873,8.175819450009387
1.0,472.0,100.93631190488215,16.1837209558416,70.0,0.0,0.9816831398215908,1.0,5449.439329897165,23.49885291763994,13.182336527267186,2.6167481145905302,52.281094666143964,0.044444444444444446,2.6444444444444444,0.0,sdacs_hybrid,8,nan,03_emergency_landing,4,0.011234999988118943,0.8989515499251803,4.136443810077708
1.0,510.0,101.35722368271227,9.498923593608374,71.0,0.0,0.9900751907277135,1.0,4814.0566603257685,13.08640527557143,13.066014692143018,1.7751253095781778,25.501627105329813,0.044444444444444446,2.0,0.0,sdacs_hybrid,8,nan,03_emergency_landing,5,0.013960000046608911,1.2941415999932808,2.2534185800032014
1.0,507.0,98.78852790589,29.94988420659845,98.0,0.0,0.9852584410634513,1.0,4767.2214750180365,14.394890058535543,14.394890052372553,3.603726238996267,25.186053874746186,0.044444444444444446,2.651851851851852,0.0,sdacs_hybrid,8,nan,03_emergency_landing,6,0.05333200004997707,0.19135750002874363,4.964948869961777
1.0,445.0,99.10837578037234,20.25059262923149,79.0,0.0,0.988275514422335,1.0,2831.1905912982215,11.162870407917564,11.162870413321096,6.077278495440002,16.248462312830185,0.044444444444444446,2.6592592592592594,0.0,sdacs_hybrid,8,nan,03_emergency_landing,7,0.04492650003840026,0.3539982000347647,7.889449139994462
1.0,373.0,94.42850203645551,25.72994171256844,71.0,0.0,0.9787281227879931,1.0,3637.808470996454,11.521328463846743,12.189622765669045,2.0600604953253807,22.4412670853594,0.044444444444444446,2.6666666666666665,0.0,sdacs_hybrid,8,nan,03_emergency_landing,8,0.014990999943620409,0.2585359999784485,6.637805570005641
1.0,457.0,105.2370794336054,1.4412607900919432,86.0,0.0001984126984126984,0.9827973149374378,1.0,5052.790857093556,8.172371326442361,5.9945767359040625,0.1947747670649702,21.49082766120434,0.044444444444444446,2.066666666666667,0.0,sdacs_hybrid,8,nan,03_emergency_landing,9,0.05140150000215726,0.15179255003090472,5.528040739982325
0.5458333333333333,780.0,nan,26.22240935729693,180.0,0.0,0.7718592087636255,0.0,1672.512842389571,nan,nan,nan,nan,nan,nan,0.0,vo,8,nan,03_emergency_landing,0,0.08135249998986183,4.840962049934199,8.420721310041026
0.35,496.0,nan,26.328157279379376,82.0,0.0,0.9203330326945205,0.0,2912.0411185379144,nan,nan,nan,nan,nan,nan,0.0,vo,8,nan,03_emergency_landing,1,0.0019149999843648402,2.1910505000278038,6.17157361996533
0.4548611111111111,648.0,nan,19.264125383200213,180.0,0.0,0.8975652592460224,0.0,1965.1791006907333,nan,nan,nan,nan,nan,nan,0.0,vo,8,nan,03_emergency_landing,10,0.051491499959865905,4.282562649973441,8.182501620021867
0.41875,596.0,nan,4.531976967331982,180.0,0.0001984126984126984,0.8613610785376099,0.0,2233.7259661027833,nan,nan,nan,nan,nan,nan,0.0,vo,8,nan,03_emergency_landing,11,0.08082200002945683,2.932520300043949,6.729733620004485
0.49444444444444446,705.0,nan,47.29564778705169,180.0,0.0,0.7916365714684495,0.0,1967.6547726078397,nan,nan,nan,nan,nan,nan,0.0,vo,8,nan,03_emergency_landing,12,0.07667199997740681,4.311497499946869,8.22663881994572
0.44583333333333336,635.0,nan,20.81672459385757,180.0,0.0,0.8709786100267629,0.0,2262.2259456207444,nan,nan,nan,nan,nan,nan,0.0,vo,8,nan,03_emergency_landing,13,0.05438199997342963,4.456813250015997,6.547443390036286
0.3576388888888889,507.0,nan,26.73228172755637,90.0,0.0,0.868345978831188,0.0,2721.742023766769,nan,nan,nan,nan,nan,nan,0.0,vo,8,nan,03_emergency_landing,14,0.026370999989921984,2.4219896499459974,5.191174670030708
0.5020833333333333,717.0,nan,23.188219209460904,180.0,0.0,0.8476835517111707,0.0,2102.620938023437,nan,nan,nan,nan,nan,nan,0.0,vo,8,nan,03_emergency_landing,15,0.08181199996215582,2.285132500026059,6.565654250043745
0.37916666666666665,539.0,nan,24.08430607655234,180.0,0.0,0.8845102620528807,0.0,2738.4142144498005,nan,nan,nan,nan,nan,nan,0.0,vo,8,nan,03_emergency_landing,16,0.06457200004206243,2.07639114993298,6.179351390062493
0.4201388888888889,598.0,nan,36.162725665467725,180.0,0.0,0.8634362400362592,0.0,2360.388990531809,nan,nan,nan,nan,nan,nan,0.0,vo,8,nan,03_emergency_landing,17,0.05080200003249047,1.7425864999836385,7.497986500039832
0.46944444444444444,670.0,nan,56.953857905916315,180.0,0.0,0.8445463405725573,0.0,1498.0665329131275,nan,nan,nan,nan,nan,nan,0.0,vo,8,nan,03_emergency_landing,18,0.12063350004609674,4.766085650015812,10.131931429988299
0.4423611111111111,630.0,nan,7.052737209877862,180.0,0.0,0.8232020005201239,0.0,3102.931049351796,nan,nan,nan,nan,nan,nan,0.0,vo,8,nan,03_emergency_landing,19,0.07630200002495258,2.2340990500083535,3.7946724499931905
0.3923611111111111,558.0,nan,10.431062756007307,180.0,0.0,0.8888872450941501,0.0,2560.09717901213,nan,nan,nan,nan,nan,nan,0.0,vo,8,nan,03_emergency_landing,2,0.052561499956027546,1.8490223499611567,6.427711810038094
0.41944444444444445,598.0,nan,37.02361430680309,180.0,0.0,0.8311855760041942,0.0,1872.0976246484756,nan,nan,nan,nan,nan,nan,0.0,vo,8,nan,03_emergency_landing,20,0.09596749998763698,3.236523050026089,8.20552310994799
0.35138888888888886,498.0,nan,15.677940714298389,115.0,0.0,0.9383245075112021,0.0,2664.2972577768023,nan,nan,nan,nan,nan,nan,0.0,vo,8,nan,03_emergency_landing,21,0.03248100000519116,2.9882330500356598,6.310139810002512
0.45208333333333334,645.0,nan,19.239806317384343,180.0,0.0,0.7762967749008464,0.0,2536.9503649437424,nan,nan,nan,nan,nan,nan,0.0,vo,8,nan,03_emergency_landing,22,0.05927200004407496,1.956994700060474,7.182011650010055
0.3368055555555556,478.0,nan,37.984566105970686,180.0,0.0,0.8192052215719083,0.0,2839.9920997738377,nan,nan,nan,nan,nan,nan,0.0,vo,8,nan,03_emergency_landing,23,0.049051000019062485,1.8063858499942809,5.268921879988974
0.41805555555555557,595.0,nan,25.335367642412685,180.0,0.0,0.7930458324964256,0.0,2167.1170899130702,nan,nan,nan,nan,nan,nan,0.0,vo,8,nan,03_emergency_landing,24,0.030701000014232704,3.5760622999816825,8.336547909993905
0.3416666666666667,484.0,nan,56.03420139856358,84.0,0.0,0.9284425493996211,0.0,3049.8143459428047,nan,nan,nan,nan,nan,nan,0.0,vo,8,nan,03_emergency_landing,25,0.019995499997094157,1.6042773499691414,4.807585039997097
0.30625,433.0,nan,37.12987965789661,73.0,0.0,0.9695973044720546,0.0,3497.957853340726,nan,nan,nan,nan,nan,nan,0.0,vo,8,nan,03_emergency_landing,26,0.0020550000385810563,1.4083525000046324,4.247942549944811
0.48819444444444443,696.0,nan,15.501304112597447,180.0,0.0,0.849711834783941,0.0,1446.317375449483,nan,nan,nan,nan,nan,nan,0.0,vo,8,nan,03_emergency_landing,27,0.15207400002736904,4.499647500011861,8.235324299944295
0.44930555555555557,640.0,nan,42.683356233629,180.0,0.0,0.932633359761977,0.0,1933.7774267503917,nan,nan,nan,nan,nan,nan,0.0,vo,8,nan,03_emergency_landing,28,0.05403599999453945,3.369350249954547,8.288582499965289
0.4895833333333333,699.0,nan,20.289434628995217,180.0,0.0,0.8517557822545183,0.0,1703.5897181282605,nan,nan,nan,nan,nan,nan,0.0,vo,8,nan,03_emergency_landing,29,0.11769299999286886,4.469219099979665,6.365203919975785
0.3416666666666667,484.0,nan,39.21932615626174,105.0,0.0,0.9304012735003915,0.0,3478.9551143829444,nan,nan,nan,nan,nan,nan,0.0,vo,8,nan,03_emergency_landing,3,0.030255500007569935,1.2281721000306325,5.9403444899749065
0.4701388888888889,670.0,nan,32.47721485777394,180.0,0.0,0.8471488793742583,0.0,2140.8997997265774,nan,nan,nan,nan,nan,nan,0.0,vo,8,nan,03_emergency_landing,4,0.036811000029501884,2.6217579500552954,7.731609839987659
0.6333333333333333,907.0,nan,26.48353187289293,180.0,0.0,0.7636646777625367,0.0,1593.849582392418,nan,nan,nan,nan,nan,nan,0.0,vo,8,nan,03_emergency_landing,5,0.11061799995104593,6.1626910000086355,7.382675699976753
0.5881944444444445,842.0,nan,26.506959293320826,180.0,0.0,0.8011093112366534,0.0,1718.7157286300894,nan,nan,nan,nan,nan,nan,0.0,vo,8,nan,03_emergency_landing,6,0.12335349998693346,5.275617799964023,6.751737300073742
0.36666666666666664,520.0,nan,17.153100792622833,93.0,0.0,0.9160117761156346,0.0,3457.7142295983276,nan,nan,nan,nan,nan,nan,0.0,vo,8,nan,03_emergency_landing,7,0.026105500012363336,1.4807668500793516,4.274770210048473
0.29097222222222224,411.0,nan,15.789433369615262,79.0,0.0,0.9218050670052407,0.0,3137.919402539923,nan,nan,nan,nan,nan,nan,0.0,vo,8,nan,03_emergency_landing,8,0.0019349999433870835,1.3334428500286155,6.240269140022293
0.3951388888888889,561.0,nan,41.167299188841,93.0,0.0,0.8410708064020017,0.0,2542.3633654477626,nan,nan,nan,nan,nan,nan,0.0,vo,8,nan,03_emergency_landing,9,0.05173599998897771,1.766729049955959,7.912858199968016
0.35260416666666666,661.0,nan,37.5387624626456,117.0,0.0,1.0,0.0,16905.5919895184,nan,nan,nan,nan,nan,nan,0.0,cbs,8,nan,04_no_fly_zone,0,0.00034000004234258085,0.0077700000247205026,0.07672399997318279
0.32864583333333336,615.0,nan,23.241487526165866,106.0,0.0,0.9999999999999999,0.0,19316.257600691544,nan,nan,nan,nan,nan,nan,0.0,cbs,8,nan,04_no_fly_zone,1,0.00043000000005122274,0.005970999950477562,0.007771999980832329
0.3807291666666667,715.0,nan,27.574336914730996,111.0,0.0,1.0,0.0,19042.071155181387,nan,nan,nan,nan,nan,nan,0.0,cbs,8,nan,04_no_fly_zone,10,0.0003200000264769187,0.00650999993467849,0.028196600032970136
0.3098958333333333,579.0,nan,20.492273417884896,117.0,0.0,1.0,0.0,21619.403198057014,nan,nan,nan,nan,nan,nan,0.0,cbs,8,nan,04_no_fly_zone,11,0.00037000006614107406,0.005431000090538873,0.012070000047970054
0.3609375,677.0,nan,51.24767758556338,122.0,0.0,1.0,0.0,10439.277852540676,nan,nan,nan,nan,nan,nan,0.0,cbs,8,nan,04_no_fly_zone,12,0.0020799999447262962,0.019141000052513846,0.30740059999061475
0.36041666666666666,676.0,nan,19.876755856299127,110.0,0.0,1.0,0.0,14302.615209393796,nan,nan,nan,nan,nan,nan,0.0,cbs,8,nan,04_no_fly_zone,13,0.0003200000264769187,0.007930999913696724,0.019509999992806087
0.2953125,551.0,nan,29.44257480845008,101.0,0.0,1.0,0.0,32305.624126167477,nan,nan,nan,nan,nan,nan,0.0,cbs,8,nan,04_no_fly_zone,14,0.0005000000555810402,0.006370999926730292,0.008532000038030667
0.3541666666666667,664.0,nan,19.358090089752476,110.0,0.0,0.9999999999999999,0.0,15109.232194176047,nan,nan,nan,nan,nan,nan,0.0,cbs,8,nan,04_no_fly_zone,15,0.0004199999921183917,0.006859999984953902,0.009758399983184056
0.275,512.0,nan,22.235981102906464,102.0,0.0,1.0,0.0,11901.749864712956,nan,nan,nan,nan,nan,nan,0.0,cbs,8,nan,04_no_fly_zone,16,0.0005199999577598646,0.006750000011379598,0.01181260001885673
0.34427083333333336,645.0,nan,14.32724219131464,129.0,0.0,1.0,0.0,25949.149613673195,nan,nan,nan,nan,nan,nan,0.0,cbs,8,nan,04_no_fly_zone,17,0.0016599999526079046,0.005409999971561774,0.1242513999613939
0.321875,602.0,nan,53.388027090347784,125.0,0.0,1.0,0.0,16254.66618978082,nan,nan,nan,nan,nan,nan,0.0,cbs,8,nan,04_no_fly_zone,18,0.0012900000001536682,0.005490000035024423,0.01206599995384749
0.3177083333333333,594.0,nan,47.42982519662718,118.0,0.0,1.0,0.0,24796.33427524903,nan,nan,nan,nan,nan,nan,0.0,cbs,8,nan,04_no_fly_zone,19,0.0004400000079840538,0.005880000003344321,0.02086299994061844
0.2989583333333333,558.0,nan,37.497796409027636,108.0,0.0,1.0,0.0,15747.344358041753,nan,nan,nan,nan,nan,nan,0.0,cbs,8,nan,04_no_fly_zone,2,0.0003200000264769187,0.005930999918746238,0.011701999983415574
0.2734375,509.0,nan,18.06757508269696,125.0,0.0,1.0,0.0,22520.943773962947,nan,nan,nan,nan,nan,nan,0.0,cbs,8,nan,04_no_fly_zone,20,0.0012400000741763506,0.005269999974188977,0.00754000004690169
0.31979166666666664,598.0,nan,34.67930130980848,113.0,0.0,0.9999999999999998,0.0,11855.286079417323,nan,nan,nan,nan,nan,nan,0.0,cbs,8,nan,04_no_fly_zone,21,0.0003200000264769187,0.005969999961052963,0.007888000004641071
0.26875,500.0,nan,17.924111794483075,106.0,0.0,1.0,0.0,23369.862050705513,nan,nan,nan,nan,nan,nan,0.0,cbs,8,nan,04_no_fly_zone,22,0.0003300000344097498,0.0055599999768674024,0.007706400060669692
0.228125,422.0,nan,28.38626292851375,87.0,0.0,0.9999999999999999,0.0,18182.59231959667,nan,nan,nan,nan,nan,nan,0.0,cbs,8,nan,04_no_fly_zone,23,0.00031000001854408765,0.005370000053517288,0.007376000007752733
0.30520833333333336,570.0,nan,14.53137070388762,128.0,0.0,1.0,0.0,19478.1732459515,nan,nan,nan,nan,nan,nan,0.0,cbs,8,nan,04_no_fly_zone,24,0.001390000079481979,0.006340000027194037,0.008490400000482614
0.33177083333333335,621.0,nan,23.4569363518231,120.0,0.0,1.0,0.0,16445.737597112497,nan,nan,nan,nan,nan,nan,0.0,cbs,8,nan,04_no_fly_zone,25,0.0012900000001536682,0.006090000056246936,0.010354399978496052
0.31145833333333334,582.0,nan,19.0162824907923,94.0,0.0,0.9999999999999999,0.0,15348.059455287941,nan,nan,nan,nan,nan,nan,0.0,cbs,8,nan,04_no_fly_zone,26,0.00047999992602854036,0.009009999985210015,0.011687999995046994
0.3697916666666667,694.0,nan,6.831939099186505,122.0,0.0,1.0,0.0,26340.37093163102,nan,nan,nan,nan,nan,nan,0.0,cbs,8,nan,04_no_fly_zone,27,0.0018499999896448571,0.009099999942918657,0.013720400033889742
0.39947916666666666,751.0,nan,40.16563770889017,129.0,0.0,1.0,0.0,36767.56708377789,nan,nan,nan,nan,nan,nan,0.0,cbs,8,nan,04_no_fly_zone,28,0.0013400000398178236,0.0061399999822242535,0.014780000037717345
0.35260416666666666,661.0,nan,28.61802021380067,130.0,0.0,1.0,0.0,12417.59181607584,nan,nan,nan,nan,nan,nan,0.0,cbs,8,nan,04_no_fly_zone,29,0.0018900000213761814,0.00610999995842576,0.01793800006453236
0.3229166666666667,604.0,nan,24.06219342448362,102.0,0.0,1.0,0.0,21276.548589173617,nan,nan,nan,nan,nan,nan,0.0,cbs,8,nan,04_no_fly_zone,3,0.00035999994452140527,0.005859999987478659,0.014390599972102779
0.35052083333333334,657.0,nan,21.808213784275743,96.0,0.0,1.0,0.0,14001.19091794403,nan,nan,nan,nan,nan,nan,0.0,cbs,8,nan,04_no_fly_zone,4,0.0003000000106112566,0.006310000003395544,0.00891199999841774
0.38697916666666665,727.0,nan,17.890999561286446,103.0,0.0,1.0,0.0,41016.42810498463,nan,nan,nan,nan,nan,nan,0.0,cbs,8,nan,04_no_fly_zone,5,0.00031000001854408765,0.006820999942647177,0.015124600008675706
0.375,704.0,nan,30.333844333399608,136.0,0.0,1.0,0.0,10571.05546351285,nan,nan,nan,nan,nan,nan,0.0,cbs,8,nan,04_no_fly_zone,6,0.0014500000133921276,0.006129999974291422,0.034125000001949915
0.3333333333333333,624.0,nan,24.060878082522823,117.0,0.0,1.0,0.0,21171.552561238557,nan,nan,nan,nan,nan,nan,0.0,cbs,8,nan,04_no_fly_zone,7,0.00036999995245423634,0.008920000027501374,0.034240999980283904
0.2786458333333333,519.0,nan,40.560626610699444,102.0,0.0,1.0,0.0,24252.796600082173,nan,nan,nan,nan,nan,nan,0.0,cbs,8,nan,04_no_fly_zone,8,0.0003000000106112566,0.005429999987427436,0.007916999970802856
0.3380208333333333,633.0,nan,32.78677531612271,118.0,0.0,1.0,0.0,28421.282993748482,nan,nan,nan,nan,nan,nan,0.0,cbs,8,nan,04_no_fly_zone,9,0.00034000004234258085,0.005769999916083179,0.017896999952426933
0.3536458333333333,671.0,nan,37.142385447516574,118.0,0.0,1.0,0.0,236132.3876183335,nan,nan,nan,nan,nan,nan,0.0,orca,8,nan,04_no_fly_zone,0,0.0003799999603870674,0.008651500036194193,0.010378199997376205
0.3296875,625.0,nan,23.578889525281934,108.0,0.0,1.0,0.0,223052.47309512887,nan,nan,nan,nan,nan,nan,0.0,orca,8,nan,04_no_fly_zone,1,0.0003200000264769187,0.008924000002252784,0.024386800038200596
0.38125,724.0,nan,28.86023415395494,112.0,0.0,1.0,0.0,26499.91448256721,nan,nan,nan,nan,nan,nan,0.0,orca,8,nan,04_no_fly_zone,10,0.0003500000502754119,0.008629000006976636,0.016189399998438565
0.31145833333333334,590.0,nan,20.156127663797403,118.0,0.0,1.0,0.0,277969.52526509983,nan,nan,nan,nan,nan,nan,0.0,orca,8,nan,04_no_fly_zone,11,0.00034999999343199306,0.008342500001390356,0.011221809952530734
0.3625,688.0,nan,51.13336505716881,123.0,0.0,0.9999999999999998,0.0,47449.98820705078,nan,nan,nan,nan,nan,nan,0.0,orca,8,nan,04_no_fly_zone,12,0.002464999965923198,0.008632000020725172,0.01879500993027235
0.3609375,685.0,nan,19.902908599139344,111.0,0.0,1.0,0.0,254206.05094386436,nan,nan,nan,nan,nan,nan,0.0,orca,8,nan,04_no_fly_zone,13,0.0003200000264769187,0.00827750007488248,0.01074939997806721
0.29739583333333336,563.0,nan,28.11322972286033,103.0,0.0,1.0,0.0,95773.2090375648,nan,nan,nan,nan,nan,nan,0.0,orca,8,nan,04_no_fly_zone,14,0.0003249999735999154,0.00888049999616669,0.013695100037693848
0.3546875,673.0,nan,19.490916229207397,111.0,0.0,0.9999999999999998,0.0,79178.7840448449,nan,nan,nan,nan,nan,nan,0.0,orca,8,nan,04_no_fly_zone,15,0.0003799999603870674,0.009564000077944,0.021114900010843304
0.2765625,523.0,nan,22.058382497591715,103.0,0.0,1.0,0.0,293544.5875598779,nan,nan,nan,nan,nan,nan,0.0,orca,8,nan,04_no_fly_zone,16,0.000319999912790081,0.007635500026026419,0.011301090000870276
0.34479166666666666,654.0,nan,17.141391635696845,130.0,0.0,0.9999999999999999,0.0,79996.16018436935,nan,nan,nan,nan,nan,nan,0.0,orca,8,nan,04_no_fly_zone,17,0.0017650000359026308,0.007636500015451018,0.010901889934302742
0.3229166666666667,612.0,nan,52.96395855828849,126.0,0.0,1.0,0.0,23235.08249634838,nan,nan,nan,nan,nan,nan,0.0,orca,8,nan,04_no_fly_zone,18,0.0015350000239777728,0.008240499943212853,0.011871090015347351
0.31875,604.0,nan,47.21278392946939,120.0,0.0,1.0,0.0,82880.05425930291,nan,nan,nan,nan,nan,nan,0.0,orca,8,nan,04_no_fly_zone,19,0.001139999938004621,0.008287000076734325,0.014365310024686473
0.30104166666666665,570.0,nan,35.81569136658193,109.0,0.0,1.0,0.0,210832.9482721963,nan,nan,nan,nan,nan,nan,0.0,orca,8,nan,04_no_fly_zone,2,0.00034049998021146166,0.008722950059336643,0.01912181003149257
0.2734375,517.0,nan,18.644073574534108,126.0,0.0,1.0,0.0,34803.67753097727,nan,nan,nan,nan,nan,nan,0.0,orca,8,nan,04_no_fly_zone,20,0.0014199999895936344,0.007798450025120471,0.01409210003998847
0.3223958333333333,611.0,nan,35.04830348046467,115.0,0.0,0.9999999999999999,0.0,29311.849376026083,nan,nan,nan,nan,nan,nan,0.0,orca,8,nan,04_no_fly_zone,21,0.00034999999343199306,0.01073644997404699,0.03979550001076857
0.2703125,511.0,nan,19.017141422165192,107.0,0.0,1.0,0.0,62255.711183189655,nan,nan,nan,nan,nan,nan,0.0,orca,8,nan,04_no_fly_zone,22,0.0003500000502754119,0.007642500025895056,0.011699600013343976
0.228125,430.0,nan,28.568984349289476,88.0,0.0,1.0,0.0,224590.82358040384,nan,nan,nan,nan,nan,nan,0.0,orca,8,nan,04_no_fly_zone,23,0.0003149999656670843,0.01145799990354131,0.03566210003327787
0.30572916666666666,579.0,nan,15.482325037171732,129.0,0.0,0.9999999999999999,0.0,254667.30901531703,nan,nan,nan,nan,nan,nan,0.0,orca,8,nan,04_no_fly_zone,24,0.0015949999578879215,0.008484950001275133,0.011270100047795488
0.33177083333333335,629.0,nan,24.889406703336103,121.0,0.0,1.0,0.0,249356.6079942764,nan,nan,nan,nan,nan,nan,0.0,orca,8,nan,04_no_fly_zone,25,0.001315000019985746,0.008360000020957152,0.011012399965011344
0.31197916666666664,591.0,nan,16.37488509705463,95.0,0.0,1.0,0.0,260313.28705100145,nan,nan,nan,nan,nan,nan,0.0,orca,8,nan,04_no_fly_zone,26,0.0003499999365885742,0.00911849995191005,0.013720210034762169
0.37083333333333335,704.0,nan,7.37199855523624,123.0,0.0,1.0,0.0,39524.13599009463,nan,nan,nan,nan,nan,nan,0.0,orca,8,nan,04_no_fly_zone,27,0.0014850000980004552,0.009202500012861489,0.019783700046218624
0.4015625,763.0,nan,40.578011012282964,130.0,0.0,1.0,0.0,44517.73382471813,nan,nan,nan,nan,nan,nan,0.0,orca,8,nan,04_no_fly_zone,28,0.002114999972491205,0.010294499963947596,0.03215710001768429
0.35260416666666666,669.0,nan,27.613893056335694,131.0,0.0,0.9999999999999999,0.0,70167.74476444288,nan,nan,nan,nan,nan,nan,0.0,orca,8,nan,04_no_fly_zone,29,0.002299999948718323,0.00813644995787399,0.013615799995250187
0.32395833333333335,614.0,nan,22.313220210517123,103.0,0.0,0.9999999999999999,0.0,22696.698812383318,nan,nan,nan,nan,nan,nan,0.0,orca,8,nan,04_no_fly_zone,3,0.0005499999815583578,0.013379000023405748,0.034084499970958734
0.3515625,667.0,nan,21.40377731120727,98.0,0.0,1.0,0.0,160146.05318907014,nan,nan,nan,nan,nan,nan,0.0,orca,8,nan,04_no_fly_zone,4,0.0005399999736255268,0.014801450021195706,0.025936899969565243
0.3875,736.0,nan,15.204610505473589,105.0,0.0,1.0,0.0,28593.404645282902,nan,nan,nan,nan,nan,nan,0.0,orca,8,nan,04_no_fly_zone,5,0.0006100000291553442,0.016062500009184077,0.030058200012490332
0.37604166666666666,714.0,nan,29.745147117746285,137.0,0.0,1.0,0.0,24927.145224987864,nan,nan,nan,nan,nan,nan,0.0,orca,8,nan,04_no_fly_zone,6,0.0026650000108929817,0.011983499933876362,0.016834900011417617
0.334375,634.0,nan,23.470241173487814,118.0,0.0,1.0,0.0,249009.9261695028,nan,nan,nan,nan,nan,nan,0.0,orca,8,nan,04_no_fly_zone,7,0.00038049995509936707,0.00870049996706257,0.012366109975801001
0.2796875,529.0,nan,40.4946745156997,104.0,0.0,0.9999999999999998,0.0,267921.43203660613,nan,nan,nan,nan,nan,nan,0.0,orca,8,nan,04_no_fly_zone,8,0.0005155000053491676,0.008359000014479524,0.012045089945331692
0.33958333333333335,644.0,nan,34.016966530783186,119.0,0.0,1.0,0.0,75607.7445022126,nan,nan,nan,nan,nan,nan,0.0,orca,8,nan,04_no_fly_zone,9,0.0014049999776943878,0.01884244999814648,0.2272949999689899
1.0,692.0,106.95238677803567,22.594572775373447,121.0,0.0,0.9911836041859254,1.0,3511.1687645000884,23.448682345989802,20.01828584666002,3.584299401555103,47.943298891290596,0.03333333333333333,2.0055555555555555,0.0,sdacs_hybrid,8,nan,04_no_fly_zone,0,0.05314100002351552,1.3338191000229918,6.365224459993894
1.0,658.0,101.33538407020016,23.377168588976193,114.0,0.0,0.9830397010128378,1.0,4867.558400663157,40.1670242291005,52.848522987936626,5.628583688498364,56.644497878131105,0.03333333333333333,2.011111111111111,0.0,sdacs_hybrid,8,nan,04_no_fly_zone,1,0.04979650003633651,0.14308350005194367,7.740669580001607
1.0,752.0,95.72610552725973,23.664580233667905,117.0,0.0,0.9881616879818567,1.0,4389.579095333709,23.3760306103916,23.05123673246991,2.0128091831174806,45.55123673246992,0.03333333333333333,2.5833333333333335,0.0,sdacs_hybrid,8,nan,04_no_fly_zone,10,0.05151649997969798,0.13925649996622255,8.113743940025413
1.0,617.0,98.61342698398897,18.25385312268075,119.0,0.0,0.9869602055865259,1.0,5318.585722453608,31.493585734057614,39.10416014023157,0.0,50.60408284765711,0.03333333333333333,2.013888888888889,0.0,sdacs_hybrid,8,nan,04_no_fly_zone,11,0.05131650004841504,0.3986738000946817,5.733101680048089
1.0,720.0,103.0197049294166,16.803659904889138,129.0,0.0,0.9691066453146752,1.0,4895.92767343421,19.245554568183987,18.816947328587297,2.0930860145168424,37.807164023891254,0.03333333333333333,2.047222222222222,0.0,sdacs_hybrid,8,nan,04_no_fly_zone,12,0.054316499983997346,0.32993105002105844,4.724350009986422
1.0,707.0,101.08488897911718,22.045922638295707,114.0,0.0,0.9923150427001695,1.0,5540.289748846209,41.018919829845615,31.46156034112566,1.2893765395769141,83.66080640061135,0.03333333333333333,2.066666666666667,0.0,sdacs_hybrid,8,nan,04_no_fly_zone,13,0.051741499987656425,0.19604009992803992,6.041328939932098
1.0,592.0,97.95559028375968,48.36543814095347,105.0,0.0,0.9821621400927898,1.0,5604.666576176779,12.293896183061536,12.90207324497137,0.8706218966166044,24.91920119413679,0.03333333333333333,3.8194444444444446,0.0,sdacs_hybrid,8,nan,04_no_fly_zone,14,0.04772650004269963,0.18327600001271074,5.718322569970255
1.0,698.0,102.3836021297673,21.197713524579292,112.0,0.0,0.9892541242777899,1.0,8598.413771810146,50.72086215313908,58.78711804348937,7.0603952906501295,87.64674757366708,0.03333333333333333,2.6166666666666667,0.0,sdacs_hybrid,8,nan,04_no_fly_zone,15,0.05706199999622186,0.4446520499868711,0.7192969600487197
1.0,561.0,98.870294874385,21.064850863371973,110.0,0.0,0.9672891604651357,1.0,4367.837985531961,20.64030389986223,18.693305099944233,4.113813713047205,41.193305099944276,0.03333333333333333,2.069444444444444,0.0,sdacs_hybrid,8,nan,04_no_fly_zone,16,0.04143149999435991,0.6868956999596749,3.8896964500133864
1.0,667.0,104.49634624658121,17.30740662418101,131.0,0.0,0.9840911403037937,1.0,3871.454858378247,13.427391927655059,9.074922134336646,0.0,35.926953247263555,0.03333333333333333,2.5833333333333335,0.0,sdacs_hybrid,8,nan,04_no_fly_zone,17,0.053176500045992725,0.16153655002426576,7.912083900060896
1.0,636.0,102.01899885340684,42.73082849185846,126.0,0.0,0.9853881401852261,1.0,5346.008124593419,8.115564762343146,8.115564762343146,3.615564762343137,12.615564762343153,0.03333333333333333,2.5555555555555554,0.0,sdacs_hybrid,8,nan,04_no_fly_zone,18,0.050921500019285304,0.36010335004447863,3.6518825599932736
1.0,625.0,102.01230891400886,12.790927527837509,126.0,0.0,0.9896279392453218,1.0,4974.432969049715,11.281625395360473,10.042167194335413,0.7563250806443946,23.542167191511634,0.03333333333333333,2.0,0.0,sdacs_hybrid,8,nan,04_no_fly_zone,19,0.05190600006699242,0.8438529999239103,5.406510150033886
1.0,604.0,98.52570106422229,12.255953580559607,109.0,0.0,0.9785909565807576,1.0,4158.976531332848,18.410715802775805,18.410715833052315,4.910715730112176,31.910715833052322,0.03333333333333333,2.602777777777777,0.0,sdacs_hybrid,8,nan,04_no_fly_zone,2,0.04280149994428939,0.1386239999703775,8.162809909966882
1.0,534.0,98.0256617453785,10.289696822919348,129.0,0.0,0.9954658950978845,1.0,6576.007633432816,14.289282233081666,9.108497201598563,1.3919951166104594,34.802989285830364,0.03333333333333333,2.0194444444444444,0.0,sdacs_hybrid,8,nan,04_no_fly_zone,20,0.051606499994250044,0.1726215499957095,3.1513463500345766
1.0,653.0,98.46574335956326,35.89113371571199,121.0,0.0,0.9734244985647302,1.0,4846.212415431612,38.97031416519813,54.44084173994002,2.6148659644527807,54.44084173994002,0.03333333333333333,2.0277777777777777,0.0,sdacs_hybrid,8,nan,04_no_fly_zone,21,0.0509959999703824,0.7378790000700518,5.708294800026563
1.0,535.0,104.09528113262652,11.65125001453714,110.0,0.0,0.9826534906061904,1.0,6044.038679023732,14.451967351540379,13.742990820896225,2.9482907573271007,28.195785215810837,0.03333333333333333,2.033333333333333,0.0,sdacs_hybrid,8,nan,04_no_fly_zone,22,0.048401500009731535,0.27830405002760006,5.246238700043462
1.0,453.0,106.05115021903379,28.75852702573862,89.0,0.0,0.9800464606154581,1.0,6921.830926962332,34.02519680783751,19.16036036711113,8.247958303072831,72.50535227215892,0.03333333333333333,2.591666666666667,0.0,sdacs_hybrid,8,nan,04_no_fly_zone,23,0.01082999995105638,0.13340145003439824,5.045368280032067
1.0,604.0,100.09177877719549,18.495320809429696,133.0,0.0,0.9770185924467443,1.0,4160.887439622912,8.968145296915592,5.355867689512354,0.08006409819289305,26.063165997601196,0.03333333333333333,2.066666666666667,0.0,sdacs_hybrid,8,nan,04_no_fly_zone,24,0.05290600000762424,0.24687445001631897,6.238203019977387
1.0,646.0,97.1159863675701,24.82863042225605,120.0,0.0,0.9900947216992851,1.0,5385.139210229436,24.991630919943763,25.5202688106839,2.7601344492208404,47.490793998267094,0.03333333333333333,2.6388888888888884,0.0,sdacs_hybrid,8,nan,04_no_fly_zone,25,0.05204199999297998,0.1486085499550423,5.079913030019724
1.0,613.0,98.87838421460344,15.627985000154316,101.0,0.0,0.9909720059953091,1.0,7278.4662330578585,18.563264840381066,17.944571303685024,4.424125299789419,33.81808180120114,0.03333333333333333,2.036111111111111,0.0,sdacs_hybrid,8,nan,04_no_fly_zone,26,0.012970499938091962,0.1165885000091291,4.659123630023014
1.0,731.0,100.70731904584125,8.442251334599884,129.0,0.0,0.986439930913191,1.0,4737.744801496837,35.70261070592122,27.77146077413016,5.44377611505913,90.0,0.03333333333333333,2.0055555555555555,0.0,sdacs_hybrid,8,nan,04_no_fly_zone,27,0.05226100000754741,0.18332309997504037,6.12212779998913
1.0,791.0,107.04446966627512,32.992995192003725,130.0,0.0,0.9884348585504089,1.0,2989.5422449030275,19.93787344514988,18.13218437099671,0.0,43.48187178281875,0.03333333333333333,2.6111111111111103,0.0,sdacs_hybrid,8,nan,04_no_fly_zone,28,0.09389800004555582,0.8033065499887466,7.311559150053879
1.0,683.0,102.02292240313405,38.610415943080284,133.0,0.0,0.993474181732068,1.0,2965.6347069306253,5.161609368861456,3.821720813007456,0.11419430693367405,12.084868408984839,0.03333333333333333,2.6388888888888884,0.0,sdacs_hybrid,8,nan,04_no_fly_zone,29,0.08485800003654731,0.6538985999895871,7.186341509989234
1.0,647.0,99.61934167733767,18.801760918760603,109.0,0.0,0.9766482458882983,1.0,5003.214669659916,19.832239891467676,21.61326354728314,2.0103422408068585,38.010342261000616,0.03333333333333333,2.727777777777777,0.0,sdacs_hybrid,8,nan,04_no_fly_zone,3,0.04056649993344763,0.1178069999696162,7.735291160031447
1.0,691.0,100.93631190488215,20.05861942489876,105.0,0.0,0.9884337420593476,1.0,5107.709787847643,17.666552375663834,16.294739109543134,1.385633799339186,35.557483261052575,0.03333333333333333,2.6416666666666666,0.0,sdacs_hybrid,8,nan,04_no_fly_zone,4,0.0476465000360804,0.16106499999182225,5.583134629996486
1.0,755.0,101.35722368271227,7.810249385910214,111.0,0.0,0.9939091107365652,1.0,6944.481015509303,22.155149198547377,21.70791919033246,2.3817866028781083,41.03404999944945,0.03333333333333333,2.0,0.0,sdacs_hybrid,8,nan,04_no_fly_zone,5,0.042100999962713104,0.13453850002633766,4.727496579941984
1.0,744.0,98.78852790589,30.782378067243506,141.0,0.0,0.9833188492604429,1.0,6351.339592798859,22.88383409489826,22.549159879012972,4.8503666896728275,40.850366705316304,0.03333333333333333,2.6472222222222217,0.0,sdacs_hybrid,8,nan,04_no_fly_zone,6,0.0522964999731812,0.2578435500424797,3.119747809997761
1.0,661.0,99.10837578037234,23.384606829552993,121.0,0.0,0.9838077364570438,1.0,4470.676802906731,18.32763893707096,18.327638937104428,8.169344555149738,28.48593331890854,0.03333333333333333,2.6416666666666666,0.0,sdacs_hybrid,8,nan,04_no_fly_zone,7,0.051046499947915436,0.15793545002793508,5.731942480016401
1.0,559.0,94.42850203645551,34.73000979247766,108.0,0.0,0.9764673576329516,1.0,4114.918283032432,35.00107192917717,47.388728682037886,4.701705704242163,47.388728682037886,0.03333333333333333,2.666666666666666,0.0,sdacs_hybrid,8,nan,04_no_fly_zone,8,0.0405509999836795,0.15794244991980116,6.6953508999779245
1.0,673.0,105.2370794336054,13.186132657671012,123.0,0.0,0.9772252050871935,1.0,5515.901966144985,15.612134893508587,12.249613240808326,5.9724096487080205,39.25495262685018,0.03333333333333333,2.0777777777777775,0.0,sdacs_hybrid,8,nan,04_no_fly_zone,9,0.051900999949339166,0.5129636500271303,3.9781118300163536
0.5203125,993.0,nan,47.69577037331796,240.0,0.0,0.8604238248270262,0.0,1616.2469235242165,nan,nan,nan,nan,nan,nan,0.0,vo,8,nan,04_no_fly_zone,0,0.17152000003761714,3.6019239999291064,6.165725910014999
0.39114583333333336,743.0,nan,27.96647713118843,122.0,0.0,0.9152245608283127,0.0,2244.6480645756988,nan,nan,nan,nan,nan,nan,0.0,vo,8,nan,04_no_fly_zone,1,0.028066000027138216,3.1396584500384934,6.218465010026648
0.5041666666666667,961.0,nan,16.576730807979636,240.0,0.0,0.8904142511686447,0.0,2199.8728785139547,nan,nan,nan,nan,nan,nan,0.0,vo,8,nan,04_no_fly_zone,10,0.08864250003171037,2.3535689500363275,6.271633699986977
0.4359375,830.0,nan,11.310156718748908,240.0,0.0,0.8817406736613481,0.0,2872.0355581948384,nan,nan,nan,nan,nan,nan,0.0,vo,8,nan,04_no_fly_zone,11,0.08289300001251831,1.3419237999471503,6.303883799986352
0.47239583333333335,900.0,nan,46.6441266702716,240.0,0.0,0.8567697599286661,0.0,3019.803531835191,nan,nan,nan,nan,nan,nan,0.0,vo,8,nan,04_no_fly_zone,12,0.08504800001674084,1.315144250025921,5.938864030014189
0.48802083333333335,930.0,nan,13.545224797010983,240.0,0.0,0.8822449264970675,0.0,2226.4736323924044,nan,nan,nan,nan,nan,nan,0.0,vo,8,nan,04_no_fly_zone,13,0.08381250006550545,3.0493335999778797,6.767023360005157
0.4203125,800.0,nan,26.1838133206433,240.0,0.0,0.8777392821238239,0.0,2756.9535566701866,nan,nan,nan,nan,nan,nan,0.0,vo,8,nan,04_no_fly_zone,14,0.042835999977342,1.996393749999467,5.942344780031575
0.39114583333333336,743.0,nan,26.858798834578657,113.0,0.0,0.9577858904655121,0.0,3142.3491634075685,nan,nan,nan,nan,nan,nan,0.0,vo,8,nan,04_no_fly_zone,15,0.002250500017453305,2.1448656999382343,5.1816270399547175
0.40260416666666665,766.0,nan,17.020156679475974,240.0,0.0,0.8552643281308443,0.0,3143.756148584502,nan,nan,nan,nan,nan,nan,0.0,vo,8,nan,04_no_fly_zone,16,0.059161500018944935,1.8731081500277154,5.0939151000034135
0.5192708333333333,991.0,nan,14.579668962502854,240.0,0.0,0.8087155436452901,0.0,1978.9920592695335,nan,nan,nan,nan,nan,nan,0.0,vo,8,nan,04_no_fly_zone,17,0.10300299999244089,3.5816580000187,6.188328529968883
0.38125,724.0,nan,45.790411670108824,138.0,0.0,0.9162494499690723,0.0,3758.729002079215,nan,nan,nan,nan,nan,nan,0.0,vo,8,nan,04_no_fly_zone,18,0.055206499951054866,1.2602423000828327,4.222437199970273
0.5026041666666666,959.0,nan,16.055202838753118,240.0,0.0,0.811539979452955,0.0,2068.090910899189,nan,nan,nan,nan,nan,nan,0.0,vo,8,nan,04_no_fly_zone,19,0.10136299999885523,3.8601557500498958,6.437760859992064
0.39739583333333334,756.0,nan,15.508894030930463,240.0,0.0,0.9072341430277697,0.0,1878.8832259433402,nan,nan,nan,nan,nan,nan,0.0,vo,8,nan,04_no_fly_zone,2,0.049756999999317486,4.355870100027913,8.114679490017801
0.3234375,613.0,nan,43.39048025099626,131.0,0.0,0.9337662676936419,0.0,3024.7479965875305,nan,nan,nan,nan,nan,nan,0.0,vo,8,nan,04_no_fly_zone,20,0.07700250006337228,1.12825714992367,6.823386000040712
0.36770833333333336,698.0,nan,11.351076101321867,118.0,0.0,0.9478965315694625,0.0,2876.4732022306566,nan,nan,nan,nan,nan,nan,0.0,vo,8,nan,04_no_fly_zone,21,0.022035500023775967,1.0963661499260957,6.265112099986254
0.44166666666666665,842.0,nan,20.888123199314986,240.0,0.0,0.8357322654394403,0.0,2527.9315635007406,nan,nan,nan,nan,nan,nan,0.0,vo,8,nan,04_no_fly_zone,22,0.07331249997832856,1.764265800011316,6.294634820001192
0.41041666666666665,782.0,nan,35.61842827239365,240.0,0.0,0.8286606173434123,0.0,2566.6868557947905,nan,nan,nan,nan,nan,nan,0.0,vo,8,nan,04_no_fly_zone,23,0.057781500004239206,2.779106600092966,6.151788609970481
0.4557291666666667,869.0,nan,35.99229099028766,240.0,0.0,0.8788217168124268,0.0,2461.4021124859937,nan,nan,nan,nan,nan,nan,0.0,vo,8,nan,04_no_fly_zone,24,0.06458199999315184,3.1761144499796448,6.210503400005791
0.5041666666666667,962.0,nan,72.28999456949948,240.0,0.0,0.8511992385847189,0.0,2068.6945004278173,nan,nan,nan,nan,nan,nan,0.0,vo,8,nan,04_no_fly_zone,25,0.16252449995590723,3.277186599945024,6.234473800004707
0.3776041666666667,717.0,nan,42.93234253943157,112.0,0.0,0.9160251185338248,0.0,2797.5745355157073,nan,nan,nan,nan,nan,nan,0.0,vo,8,nan,04_no_fly_zone,26,0.0019099999803984247,1.3896878999787479,8.354077829977765
0.5291666666666667,1010.0,nan,16.777932670681043,240.0,0.0,0.8749145348553189,0.0,1819.886044953633,nan,nan,nan,nan,nan,nan,0.0,vo,8,nan,04_no_fly_zone,27,0.07734249999202802,4.135502650029819,8.0303754200338
0.5067708333333333,966.0,nan,50.35397543442047,240.0,0.0,0.9267863642151537,0.0,2014.8720730009736,nan,nan,nan,nan,nan,nan,0.0,vo,8,nan,04_no_fly_zone,28,0.07636700001967256,4.310154949968119,7.457588960065774
0.45,857.0,nan,19.668038269371646,240.0,0.0,0.9083949504424231,0.0,2147.5382585517714,nan,nan,nan,nan,nan,nan,0.0,vo,8,nan,04_no_fly_zone,29,0.0699869999607472,2.242392799900007,7.793292119946483
0.44895833333333335,855.0,nan,36.27487447819269,240.0,0.0,0.8701231599545236,0.0,2628.3592936945743,nan,nan,nan,nan,nan,nan,0.0,vo,8,nan,04_no_fly_zone,3,0.0493715000402517,2.496647950005124,4.077251909994857
0.5541666666666667,1058.0,nan,38.75490631232353,240.0,0.0,0.8283816552725057,0.0,1420.2334493346739,nan,nan,nan,nan,nan,nan,0.0,vo,8,nan,04_no_fly_zone,4,0.10539749996496539,5.679667999982029,6.470247580010663
0.5723958333333333,1093.0,nan,15.421155210007358,240.0,0.0,0.8501965403878078,0.0,1905.7589040458597,nan,nan,nan,nan,nan,nan,0.0,vo,8,nan,04_no_fly_zone,5,0.08323750000727159,3.236190599989185,6.2614421800128595
0.5130208333333334,978.0,nan,6.112285094032103,240.0,0.0,0.8797686963366257,0.0,2393.6778897693653,nan,nan,nan,nan,nan,nan,0.0,vo,8,nan,04_no_fly_zone,6,0.08083249997525854,1.8738830500239994,7.2026891500388475
0.3958333333333333,752.0,nan,23.357887680195482,127.0,0.0,0.9331839954050547,0.0,2818.086096124595,nan,nan,nan,nan,nan,nan,0.0,vo,8,nan,04_no_fly_zone,7,0.07508700002745172,1.4396521999913126,6.24096908002798
0.3255208333333333,617.0,nan,43.84619468433534,114.0,0.0,0.932822492627516,0.0,3416.9932398655237,nan,nan,nan,nan,nan,nan,0.0,vo,8,nan,04_no_fly_zone,8,0.0021849999711776036,1.173322500068252,5.280553210003517
0.45260416666666664,861.0,nan,59.92078916909454,199.0,0.0,0.8902408414279215,0.0,2588.9628028173884,nan,nan,nan,nan,nan,nan,0.0,vo,8,nan,04_no_fly_zone,9,0.10938799999848925,2.2267483499661003,6.248061650003365
0.25166666666666665,882.0,nan,27.72489211210162,117.0,0.0,1.0,0.0,31260.149779602652,nan,nan,nan,nan,nan,nan,0.0,cbs,12,nan,05_weather_diversion,0,0.00038999996831989847,0.007999999979801942,0.01133000000663742
0.26555555555555554,932.0,nan,19.052242395234217,106.0,0.0,0.9999999999999999,0.0,28089.156480770715,nan,nan,nan,nan,nan,nan,0.0,cbs,12,nan,05_weather_diversion,1,0.0004099999841855606,0.009031000104187115,0.014641000007031835
0.2630555555555556,923.0,nan,32.209657837886965,111.0,0.0,1.0,0.0,19259.740324714905,nan,nan,nan,nan,nan,nan,0.0,cbs,12,nan,05_weather_diversion,10,0.00038999996831989847,0.008419999971920333,0.013270000067677756
0.23722222222222225,830.0,nan,20.941365316350016,117.0,0.0,1.0,0.0,19306.941302358366,nan,nan,nan,nan,nan,nan,0.0,cbs,12,nan,05_weather_diversion,11,0.00039999997625272954,0.00841100006709894,0.014941000017643091
0.2938888888888889,1034.0,nan,15.207198016840357,122.0,0.0,1.0,0.0,70709.87291181652,nan,nan,nan,nan,nan,nan,0.0,cbs,12,nan,05_weather_diversion,12,0.00040000008993956726,0.009290000093642448,0.010820999932548148
0.2697222222222222,947.0,nan,24.136714683870956,110.0,0.0,1.0,0.0,18646.640506176373,nan,nan,nan,nan,nan,nan,0.0,cbs,12,nan,05_weather_diversion,13,0.00038999996831989847,0.010119999956259562,0.016389999927923782
0.26944444444444443,946.0,nan,31.973260745638754,101.0,0.0,1.0,0.0,59168.20158798381,nan,nan,nan,nan,nan,nan,0.0,cbs,12,nan,05_weather_diversion,14,0.0006400000529538374,0.009350000027552596,0.011680000056912831
0.25861111111111107,907.0,nan,22.848525133153036,110.0,0.0,1.0,0.0,32278.267935251868,nan,nan,nan,nan,nan,nan,0.0,cbs,12,nan,05_weather_diversion,15,0.00043000000005122274,0.009070000032807002,0.01474999999118154
0.23249999999999996,813.0,nan,13.907385714654211,102.0,0.0,1.0,0.0,39652.37555391174,nan,nan,nan,nan,nan,nan,0.0,cbs,12,nan,05_weather_diversion,16,0.00043000000005122274,0.008030000003600435,0.017899999988912896
0.27777777777777773,976.0,nan,11.191064241485023,129.0,0.0,1.0,0.0,27243.905697158527,nan,nan,nan,nan,nan,nan,0.0,cbs,12,nan,05_weather_diversion,17,0.0004099999841855606,0.008550000075047137,0.01337000003331923
0.25527777777777777,895.0,nan,12.198368175416798,125.0,0.0,1.0,0.0,36398.93229800517,nan,nan,nan,nan,nan,nan,0.0,cbs,12,nan,05_weather_diversion,18,0.00040000008993956726,0.007859999982429144,0.010920000022451859
0.25194444444444436,883.0,nan,19.29570649768353,118.0,0.0,1.0,0.0,17646.0685675965,nan,nan,nan,nan,nan,nan,0.0,cbs,12,nan,05_weather_diversion,19,0.0004199999921183917,0.008699999966665928,0.013739999985773466
0.25861111111111107,907.0,nan,6.840102931060086,108.0,0.0,1.0,0.0,17152.68023783245,nan,nan,nan,nan,nan,nan,0.0,cbs,12,nan,05_weather_diversion,2,0.00038999996831989847,0.00905000001694134,0.01713099993594369
0.21888888888888886,764.0,nan,10.75847980865695,125.0,0.0,1.0,0.0,26540.484944262447,nan,nan,nan,nan,nan,nan,0.0,cbs,12,nan,05_weather_diversion,20,0.00040000008993956726,0.00775000000885484,0.008970000067165529
0.21833333333333332,762.0,nan,16.946457120459787,113.0,0.0,0.9999999999999999,0.0,22633.90785720674,nan,nan,nan,nan,nan,nan,0.0,cbs,12,nan,05_weather_diversion,21,0.00039999997625272954,0.008069999921644921,0.012151000078119978
0.20166666666666666,702.0,nan,16.706202661891727,106.0,0.0,1.0,0.0,14029.589432946403,nan,nan,nan,nan,nan,nan,0.0,cbs,12,nan,05_weather_diversion,22,0.0005900000132896821,0.007970000069690286,0.014630999999099004
0.22555555555555556,788.0,nan,18.24954762761209,130.0,0.0,1.0,0.0,22730.582437710866,nan,nan,nan,nan,nan,nan,0.0,cbs,12,nan,05_weather_diversion,23,0.00043000000005122274,0.0079100000220933,0.01409999993029487
0.26166666666666666,918.0,nan,7.644764833907189,128.0,0.0,1.0,0.0,17529.562292104452,nan,nan,nan,nan,nan,nan,0.0,cbs,12,nan,05_weather_diversion,24,0.0004099999841855606,0.00832099999570346,0.01890999999432097
0.26305555555555554,923.0,nan,16.097621992807973,120.0,0.0,1.0,0.0,21080.463708255116,nan,nan,nan,nan,nan,nan,0.0,cbs,12,nan,05_weather_diversion,25,0.00039999997625272954,0.009819999945648306,0.028121000013925368
0.23277777777777775,814.0,nan,19.037533140520928,112.0,0.0,1.0,0.0,18464.739395109704,nan,nan,nan,nan,nan,nan,0.0,cbs,12,nan,05_weather_diversion,26,0.00039999997625272954,0.008119999961309077,0.010340000017095008
0.2897222222222222,1019.0,nan,6.953616715927377,122.0,0.0,1.0,0.0,20215.859557478027,nan,nan,nan,nan,nan,nan,0.0,cbs,12,nan,05_weather_diversion,27,0.00046000002384971594,0.008510000043315813,0.015641000004507077
0.3247222222222222,1145.0,nan,9.746993320266741,129.0,0.0,1.0,0.0,13733.705016259912,nan,nan,nan,nan,nan,nan,0.0,cbs,12,nan,05_weather_diversion,28,0.0004099999841855606,0.012099999935344385,0.014081000017540646
0.26805555555555555,941.0,nan,32.171364539069195,130.0,0.0,1.0,0.0,54341.181105994496,nan,nan,nan,nan,nan,nan,0.0,cbs,12,nan,05_weather_diversion,29,0.00040000008993956726,0.008340000022144523,0.020371000005070528
0.27861111111111114,979.0,nan,11.357629359883077,108.0,0.0,1.0,0.0,28125.289163034453,nan,nan,nan,nan,nan,nan,0.0,cbs,12,nan,05_weather_diversion,3,0.0006499999471998308,0.013941000020167849,0.027470000077300938
0.23722222222222225,830.0,nan,14.144441658549193,96.0,0.0,1.0,0.0,19211.648714193896,nan,nan,nan,nan,nan,nan,0.0,cbs,12,nan,05_weather_diversion,4,0.00039999997625272954,0.00808000004326459,0.017160000084004423
0.30749999999999994,1083.0,nan,18.04060279558988,108.0,0.0,1.0,0.0,49243.69885767262,nan,nan,nan,nan,nan,nan,0.0,cbs,12,nan,05_weather_diversion,5,0.00038999996831989847,0.009840000075200805,0.023311000063586107
0.27722222222222226,974.0,nan,29.48690166758802,136.0,0.0,1.0,0.0,18522.975466587945,nan,nan,nan,nan,nan,nan,0.0,cbs,12,nan,05_weather_diversion,6,0.0004099999841855606,0.008659999934934604,0.011520000043674372
0.2633333333333333,924.0,nan,13.591872396271842,117.0,0.0,1.0,0.0,25149.402119125032,nan,nan,nan,nan,nan,nan,0.0,cbs,12,nan,05_weather_diversion,7,0.00038999996831989847,0.008499999921696144,0.022380000018529245
0.23166666666666666,810.0,nan,17.12485990686742,115.0,0.0,1.0,0.0,14175.748281053164,nan,nan,nan,nan,nan,nan,0.0,cbs,12,nan,05_weather_diversion,8,0.00041000009787239833,0.008220999916375149,0.01686999996763916
0.26944444444444443,946.0,nan,15.165648151535594,118.0,0.0,1.0,0.0,14945.516120930954,nan,nan,nan,nan,nan,nan,0.0,cbs,12,nan,05_weather_diversion,9,0.00040000008993956726,0.008860999969328986,0.016020999964894145
0.2522222222222222,896.0,nan,28.25020400848344,118.0,0.0,1.0,0.0,73760.40113869727,nan,nan,nan,nan,nan,nan,0.0,orca,12,nan,05_weather_diversion,0,0.0004099999841855606,0.012429999964069795,0.031594710073932
0.2663888888888889,947.0,nan,20.158913112607696,108.0,0.0,1.0,0.0,29861.55882701432,nan,nan,nan,nan,nan,nan,0.0,orca,12,nan,05_weather_diversion,1,0.0006499999471998308,0.019657499979075517,0.03160239992553215
0.2638888888888889,938.0,nan,33.401523521093985,112.0,0.0,1.0,0.0,53175.866593151244,nan,nan,nan,nan,nan,nan,0.0,orca,12,nan,05_weather_diversion,10,0.00038999996831989847,0.01498800002082142,0.10862010992695985
0.23833333333333334,846.0,nan,20.612544575543662,118.0,0.0,1.0,0.0,65791.82545194316,nan,nan,nan,nan,nan,nan,0.0,orca,12,nan,05_weather_diversion,11,0.0003900000820067362,0.0121335499613906,0.01577208999378854
0.2952777777777778,1051.0,nan,15.268903797120736,124.0,0.0,0.9999999999999999,0.0,31194.506273417326,nan,nan,nan,nan,nan,nan,0.0,orca,12,nan,05_weather_diversion,12,0.00040500003706256393,0.01347549999763942,0.43016294008680145
0.27083333333333326,963.0,nan,22.656140611749986,111.0,0.0,1.0,0.0,49028.7326350085,nan,nan,nan,nan,nan,nan,0.0,orca,12,nan,05_weather_diversion,13,0.00043000000005122274,0.011110499940514275,0.019944499988469012
0.2708333333333333,963.0,nan,32.39107993620744,103.0,0.0,1.0,0.0,44036.438685507565,nan,nan,nan,nan,nan,nan,0.0,orca,12,nan,05_weather_diversion,14,0.0004199999921183917,0.015443950053395388,0.21905729991998593
0.2597222222222222,923.0,nan,23.331439171205474,111.0,0.0,0.9999999999999999,0.0,68880.13754018325,nan,nan,nan,nan,nan,nan,0.0,orca,12,nan,05_weather_diversion,15,0.00038999996831989847,0.012422499963804512,0.027483019999863016
0.2336111111111111,829.0,nan,11.875835889484545,103.0,0.0,1.0,0.0,40280.25389478849,nan,nan,nan,nan,nan,nan,0.0,orca,12,nan,05_weather_diversion,16,0.00041000009787239833,0.011031049990606336,0.015640699983805424
0.27833333333333327,990.0,nan,11.784480048705845,130.0,0.0,0.9999999999999999,0.0,104810.45030228057,nan,nan,nan,nan,nan,nan,0.0,orca,12,nan,05_weather_diversion,17,0.00040500003706256393,0.011882999990575627,0.2272772999981498
0.2561111111111111,910.0,nan,12.374461343186551,126.0,0.0,1.0,0.0,88547.18856913762,nan,nan,nan,nan,nan,nan,0.0,orca,12,nan,05_weather_diversion,18,0.00040000008993956726,0.012042000003020803,0.028966099997660418
0.25277777777777777,898.0,nan,21.39943485240672,120.0,0.0,1.0,0.0,56997.19402773292,nan,nan,nan,nan,nan,nan,0.0,orca,12,nan,05_weather_diversion,19,0.00039999997625272954,0.010943499927407174,0.01563319999036137
0.2602777777777778,925.0,nan,5.166932422065304,109.0,0.0,1.0,0.0,56086.09889243621,nan,nan,nan,nan,nan,nan,0.0,orca,12,nan,05_weather_diversion,2,0.0007500000265281415,0.02260150006350159,0.037003620017230406
0.21944444444444444,778.0,nan,10.514190857562404,126.0,0.0,1.0,0.0,59949.40270356439,nan,nan,nan,nan,nan,nan,0.0,orca,12,nan,05_weather_diversion,20,0.0004099999841855606,0.011246550042187668,0.35462271991604427
0.22055555555555553,782.0,nan,17.00318744954637,115.0,0.0,1.0,0.0,97477.7312107415,nan,nan,nan,nan,nan,nan,0.0,orca,12,nan,05_weather_diversion,21,0.00039999997625272954,0.010383450035078567,0.013968310007612618
0.20277777777777775,718.0,nan,17.727153051468502,107.0,0.0,1.0,0.0,71095.48906168542,nan,nan,nan,nan,nan,nan,0.0,orca,12,nan,05_weather_diversion,22,0.0004199999921183917,0.011643550021744886,0.023438699969346773
0.22583333333333333,801.0,nan,18.55393707566062,131.0,0.0,1.0,0.0,109983.73706886404,nan,nan,nan,nan,nan,nan,0.0,orca,12,nan,05_weather_diversion,23,0.0004099999841855606,0.011922000015829326,0.03312959996492264
0.26222222222222225,932.0,nan,8.095143455397091,129.0,0.0,1.0,0.0,56304.7422857972,nan,nan,nan,nan,nan,nan,0.0,orca,12,nan,05_weather_diversion,24,0.00038999996831989847,0.011680999938334935,0.022152410015223667
0.2638888888888889,938.0,nan,16.60002435370975,121.0,0.0,1.0,0.0,68990.2427110254,nan,nan,nan,nan,nan,nan,0.0,orca,12,nan,05_weather_diversion,25,0.00038999996831989847,0.011701999960678222,0.01878910002119472
0.23333333333333334,828.0,nan,16.399558843107968,113.0,0.0,1.0,0.0,57857.14492392308,nan,nan,nan,nan,nan,nan,0.0,orca,12,nan,05_weather_diversion,26,0.00039999997625272954,0.011337500006902703,0.016351200051758413
0.2902777777777778,1033.0,nan,7.4849018881637015,123.0,0.0,1.0,0.0,31882.966556758452,nan,nan,nan,nan,nan,nan,0.0,orca,12,nan,05_weather_diversion,27,0.00043000000005122274,0.012399000047480515,0.04534798995791781
0.32611111111111113,1162.0,nan,9.787187901604142,130.0,0.0,1.0,0.0,33224.36112036798,nan,nan,nan,nan,nan,nan,0.0,orca,12,nan,05_weather_diversion,28,0.0006649999590990774,0.034709500067720084,0.3815312100527989
0.2688888888888889,956.0,nan,31.281507397740917,131.0,0.0,1.0,0.0,40354.76139796683,nan,nan,nan,nan,nan,nan,0.0,orca,12,nan,05_weather_diversion,29,0.00046000002384971594,0.012157949964830552,0.023837500057197532
0.2794444444444445,994.0,nan,11.831301670543995,109.0,0.0,1.0,0.0,40694.92829950148,nan,nan,nan,nan,nan,nan,0.0,orca,12,nan,05_weather_diversion,3,0.00039500002912973287,0.012393000048405156,0.026844400020991085
0.23805555555555552,845.0,nan,15.054445197153175,98.0,0.0,1.0,0.0,60726.1880472214,nan,nan,nan,nan,nan,nan,0.0,orca,12,nan,05_weather_diversion,4,0.00043000000005122274,0.011246500037032094,0.017159900017986666
0.3080555555555555,1097.0,nan,15.380366203359769,109.0,0.0,1.0,0.0,56778.630339715586,nan,nan,nan,nan,nan,nan,0.0,orca,12,nan,05_weather_diversion,5,0.0004799999828719592,0.01434099999642058,0.02715320994070667
0.2777777777777778,988.0,nan,27.569398630546644,137.0,0.0,1.0,0.0,41713.530659944365,nan,nan,nan,nan,nan,nan,0.0,orca,12,nan,05_weather_diversion,6,0.0004199999921183917,0.013364500023271832,0.021885389953695263
0.26416666666666666,939.0,nan,13.95687482667802,118.0,0.0,1.0,0.0,65254.3025426205,nan,nan,nan,nan,nan,nan,0.0,orca,12,nan,05_weather_diversion,7,0.0003900000820067362,0.016188549966500442,0.027855199995201432
0.2325,825.0,nan,14.295847364740775,116.0,0.0,0.9999999999999999,0.0,251440.9662693343,nan,nan,nan,nan,nan,nan,0.0,orca,12,nan,05_weather_diversion,8,0.0004099999841855606,0.011217050024470156,0.018181789949949206
0.27055555555555555,962.0,nan,14.804357755909987,119.0,0.0,1.0,0.0,54721.72815603146,nan,nan,nan,nan,nan,nan,0.0,orca,12,nan,05_weather_diversion,9,0.00043000000005122274,0.015332049991911845,0.47060011000212015
1.0,936.0,102.08336824703672,22.674367403532532,121.0,0.0,0.9931825828124407,1.0,4483.146485001596,19.97014842428683,16.559974254377696,0.9044830031065477,46.13783469075681,0.04,3.006666666666667,0.0,sdacs_hybrid,12,nan,05_weather_diversion,0,0.012374999926123564,0.16057699999123543,8.030214800007798
1.0,1004.0,100.16721190047558,5.320882919936754,114.0,0.0,0.9850357613924469,1.0,4499.42306147578,38.352518488799966,55.22999474955088,3.2346935629730083,57.95108210206519,0.04,3.0,0.0,sdacs_hybrid,12,nan,05_weather_diversion,1,0.01321000002008077,0.14772599994898888,7.267597850071744
1.0,992.0,97.87221462884764,29.0303241307335,117.0,0.0,0.9855255159928106,1.0,6003.293647034901,20.87105617215058,17.479079229304077,5.604494138361654,41.55123673246992,0.04,3.0,0.0,sdacs_hybrid,12,nan,05_weather_diversion,10,0.015956000083861,0.5091435500446554,3.0020560000264074
1.0,900.0,96.67450234453077,18.756636015725753,119.0,0.0,0.9859268751502116,1.0,5131.931612355096,31.673894593650385,44.10392706037581,0.0,50.60408724167181,0.04,3.0,0.0,sdacs_hybrid,12,nan,05_weather_diversion,11,0.015059999952882208,0.1466270499349776,7.1323922400245
1.0,1112.0,101.1656445101075,18.238140935987627,132.0,0.0,0.974376935092376,1.0,4699.189159611954,30.12952362995742,29.689640001916633,0.5574091735395573,54.21599258376714,0.04,3.0,0.0,sdacs_hybrid,12,nan,05_weather_diversion,12,0.05419650005933363,0.17261050005004136,6.947576740001284
1.0,1016.0,102.12913889579244,17.293315693130538,118.0,0.0,0.9790115106810983,1.0,7634.787205489412,50.207512778550644,41.80594286028985,2.298865408781924,83.6608234646828,0.04,3.0033333333333334,0.0,sdacs_hybrid,12,nan,05_weather_diversion,13,0.014345999943543575,0.2136721500107809,2.204462840015814
1.0,1019.0,100.41235591406296,14.064160566854675,110.0,0.0,0.9843331010866557,1.0,6109.087532422878,28.985907200820357,33.38336065911519,5.176679205385595,45.0235621932218,0.04,5.736666666666666,0.0,sdacs_hybrid,12,nan,05_weather_diversion,14,0.012350499957847205,0.5926735500054292,4.190225150025526
1.0,977.0,94.96799239556752,24.72558170548694,112.0,0.0,0.9848043796021732,1.0,4706.182219798045,45.840233620897095,52.45527533668099,6.148656249246553,71.43985797140259,0.04,3.006666666666667,0.0,sdacs_hybrid,12,nan,05_weather_diversion,15,0.012066000010690914,0.1567965500328229,7.844171070038317
1.0,888.0,103.67185562444972,19.403922958451112,110.0,0.0,0.976315566841013,1.0,4448.53901156422,19.078838423466685,17.217823317428792,2.3595504384798645,39.25711397081763,0.04,3.033333333333333,0.0,sdacs_hybrid,12,nan,05_weather_diversion,16,0.018735000026026682,1.1158153000508282,3.562977489912094
1.0,1027.0,96.56891750410493,11.796800398033117,131.0,0.0,0.9854334075223843,1.0,4992.174184553618,20.193144535034754,18.09480578062479,0.3459508596300539,45.30473939533099,0.04,3.0,0.0,sdacs_hybrid,12,nan,05_weather_diversion,17,0.04957700002705678,0.7874588500442344,4.800851830012782
1.0,964.0,94.79517828985952,12.347662082840904,126.0,0.0,0.9814339836173201,1.0,4096.379451888169,39.9312575499741,25.909970110791058,2.113874762422328,86.33916343091312,0.04,3.0,0.0,sdacs_hybrid,12,nan,05_weather_diversion,18,0.029390999998213374,1.6499730000930415,4.049145490022264
1.0,943.0,99.18624308323952,13.066608269378287,126.0,0.0,0.9889431336353018,1.0,5058.67711344127,9.783165805074171,0.0,0.0,35.05095414596498,0.04,3.0,0.0,sdacs_hybrid,12,nan,05_weather_diversion,19,0.018585499958589935,0.17326795004919407,6.116149399983897
1.0,985.0,103.38096831154259,14.139258619653162,109.0,0.0,0.981943953162537,1.0,5393.354319597644,20.884421598717612,21.619228190796413,0.2373630959265428,44.90815137463706,0.04,3.0,0.0,sdacs_hybrid,12,nan,05_weather_diversion,2,0.01260600004115986,0.5283326000153468,5.462883389990322
1.0,827.0,98.25356621733236,10.454915737094145,129.0,0.0,0.9868808800995225,1.0,5151.043711339218,38.993787560934805,29.45317275522079,0.2816278358347434,76.24183138380137,0.04,3.0233333333333334,0.0,sdacs_hybrid,12,nan,05_weather_diversion,20,0.021306000007825787,0.5572215499398683,4.751794699944863
1.0,855.0,97.31041209072929,18.275902088470808,121.0,0.0,0.9570029205174696,1.0,4287.321970211368,39.134161555926205,54.44081904803909,2.2550364740072757,54.44081904803909,0.04,3.0,0.0,sdacs_hybrid,12,nan,05_weather_diversion,21,0.01102000004493675,0.1420095000355559,10.146913650016812
1.0,763.0,101.3677031548335,11.856053444048284,110.0,0.0,0.9818133370687153,1.0,6795.626362059531,12.779123326252728,11.635443308965453,1.3083697309963513,27.402006897485638,0.04,3.04,0.0,sdacs_hybrid,12,nan,05_weather_diversion,22,0.010864999978821288,0.1304780000452866,4.115259509966336
1.0,851.0,102.74847637619108,18.527840345272505,137.0,0.0,0.9820748623558141,1.0,3545.8608463078654,35.04677511517322,19.16036044933571,7.901726641135491,87.75678263379756,0.04,3.0,0.0,sdacs_hybrid,12,nan,05_weather_diversion,23,0.05647600005431741,0.17784149998192336,9.13367399999629
1.0,984.0,97.54508376927136,2.7995724594238154,133.0,5.0505050505050505e-05,0.9802423484762587,1.0,4185.6670371073,25.098000872771234,15.480094674445368,0.32853701103151883,71.3813279931494,0.04,3.0,0.0,sdacs_hybrid,12,nan,05_weather_diversion,24,0.04728149997390574,0.7067560499535832,7.14784960000883
1.0,986.0,98.41605880531472,13.878145884406813,120.0,0.0,0.9824508182223101,1.0,3954.858402489359,23.168890331944937,21.162598271250378,0.0,49.633616433995456,0.04,3.0566666666666666,0.0,sdacs_hybrid,12,nan,05_weather_diversion,25,0.014966000037475169,1.2050173499915247,5.151908990070521
1.0,874.0,97.6594909085657,7.980060486456867,119.0,0.0,0.9889418322487505,1.0,4443.335716984066,15.61375937687177,16.01114134135445,0.0,32.60095862498931,0.04,3.0033333333333334,0.0,sdacs_hybrid,12,nan,05_weather_diversion,26,0.01338050003596436,0.13590249992603284,8.08997550999834
1.0,1082.0,101.1739750668105,8.54101950728167,129.0,0.0,0.9893464805477961,1.0,4210.734518147312,57.65597905618541,90.0,5.524611853057062,90.0,0.04,3.0,0.0,sdacs_hybrid,12,nan,05_weather_diversion,27,0.04590100002133113,0.17234499990195223,8.154803290068457
1.0,1217.0,107.05432840459402,6.406387655742417,130.0,0.0,0.9885000252254477,1.0,5572.763837487985,12.23596675200497,2.4651532553006064,0.0,38.94314999848356,0.04,3.0,0.0,sdacs_hybrid,12,nan,05_weather_diversion,28,0.046850999979142216,0.6320726001035842,2.3350620599580854
1.0,1001.0,101.22959953977129,38.612573020856765,133.0,0.0,0.9843143972014262,1.0,6072.311637348766,6.882145825182647,6.8821462464570855,1.3733804663396545,12.390910889133531,0.04,3.0433333333333334,0.0,sdacs_hybrid,12,nan,05_weather_diversion,29,0.04980599999271362,0.622312499939426,3.0401232600092802
1.0,1051.0,103.79764072885943,17.519376046300852,115.0,0.0,0.9816436210328513,1.0,4981.481922131448,44.39293293040984,38.778809243220465,1.1292835220987196,77.29475564931158,0.04,3.06,0.0,sdacs_hybrid,12,nan,05_weather_diversion,3,0.011564999965685274,0.6667140499871493,4.074699180017659
1.0,895.0,98.96945360927691,6.916169936448627,105.0,0.0,0.9356372317567364,1.0,4547.508020935577,17.15094639278854,15.289117548091266,1.3313864518699676,38.887491795425184,0.04,3.046666666666667,0.0,sdacs_hybrid,12,nan,05_weather_diversion,4,0.010584999984075694,0.1597624500107032,8.130719179993093
1.0,1140.0,99.40843163475715,8.147140462806595,115.0,0.0,0.9928571302221555,1.0,4795.506725294691,14.954027249785833,8.15822520434629,3.2111205540403915,38.165464282652884,0.04,3.0,0.0,sdacs_hybrid,12,nan,05_weather_diversion,5,0.012745499986976938,0.8966600499377371,3.7690538199842614
1.0,1040.0,102.1654846711403,36.01566874597664,141.0,0.0,0.9852545605140568,1.0,3980.7624611777755,12.562860153204676,3.4620132051408046,3.41637060732654,39.52485850149018,0.04,3.0766666666666667,0.0,sdacs_hybrid,12,nan,05_weather_diversion,6,0.057166999965829746,0.9124956499874787,5.999078450058731
1.0,990.0,99.5892647301343,13.124745213260837,121.0,0.0,0.9859516522948746,1.0,3609.601742775005,18.87468690663271,18.437099086552376,5.207182612772538,33.397481882912,0.04,3.97,0.0,sdacs_hybrid,12,nan,05_weather_diversion,7,0.01973100000896011,0.17054155006803795,10.195729099988284
1.0,876.0,102.72435565509797,9.740260563368038,119.0,0.0,0.9812933938946223,1.0,5902.375534985457,30.52493639097964,34.23124678177802,3.551814845160212,47.38872920349958,0.04,3.0,0.0,sdacs_hybrid,12,nan,05_weather_diversion,8,0.011825499996120925,0.1634330000115371,5.218927880056291
1.0,1012.0,98.37907069376547,11.50047388167324,123.0,0.0,0.982709747142193,1.0,3762.6627240335565,14.898665086245025,12.24961240344086,2.311028508244481,38.89791982434575,0.04,3.0933333333333333,0.0,sdacs_hybrid,12,nan,05_weather_diversion,9,0.022565999984180962,0.40109014999530307,6.979894439947419
0.27694444444444444,985.0,nan,18.61826122661171,121.0,0.0,0.9480140179710644,0.0,1759.585736272743,nan,nan,nan,nan,nan,nan,0.0,vo,12,nan,05_weather_diversion,0,0.0025900000082401675,3.9709974500567604,8.163608110041874
0.2913888888888889,1037.0,nan,17.604225708769917,118.0,0.0,0.9624177890338405,0.0,1730.0670896951965,nan,nan,nan,nan,nan,nan,0.0,vo,12,nan,05_weather_diversion,1,0.002685000026758644,4.412034049960312,8.248036129981518
0.36111111111111116,1289.0,nan,20.841783300873228,300.0,0.0,0.8849482760170754,0.0,1383.0436725083305,nan,nan,nan,nan,nan,nan,0.0,vo,12,nan,05_weather_diversion,10,0.04658199998175405,4.951043249968736,6.475631929965856
0.32888888888888884,1173.0,nan,11.648628328967778,300.0,0.0,0.8955459719255751,0.0,1511.6063935361135,nan,nan,nan,nan,nan,nan,0.0,vo,12,nan,05_weather_diversion,11,0.08184750004147645,5.364992000039592,7.532412379982815
0.4863888888888889,1742.0,nan,16.16596746120385,300.0,0.0,0.8026197007195357,0.0,996.4622004620047,nan,nan,nan,nan,nan,nan,0.0,vo,12,nan,05_weather_diversion,12,0.18260999996755345,5.497439049946706,8.462932999946133
0.3263888888888889,1163.0,nan,18.555781471640923,137.0,0.0,0.8930109472285647,0.0,1490.266806688373,nan,nan,nan,nan,nan,nan,0.0,vo,12,nan,05_weather_diversion,13,0.002690000087568478,5.492089049948845,8.454440209978884
0.37222222222222223,1329.0,nan,31.883669159217416,300.0,0.0,0.8895621530428949,0.0,1253.8107750034173,nan,nan,nan,nan,nan,nan,0.0,vo,12,nan,05_weather_diversion,14,0.044116500021118554,6.533833150024293,8.500824989979492
0.3802777777777778,1358.0,nan,5.541289840332954,300.0,0.0,0.8617648364086122,0.0,1490.160507422875,nan,nan,nan,nan,nan,nan,0.0,vo,12,nan,05_weather_diversion,15,0.07894250001072578,4.305805299981105,8.268466409988378
0.3316666666666667,1183.0,nan,21.508323783647487,300.0,0.0,0.8724473287939166,0.0,1196.3705038056771,nan,nan,nan,nan,nan,nan,0.0,vo,12,nan,05_weather_diversion,16,0.040936499999588705,6.511905549973567,8.933010629961016
0.5088888888888888,1824.0,nan,10.91515553168143,300.0,0.0,0.7962214395042119,0.0,842.818887668848,nan,nan,nan,nan,nan,nan,0.0,vo,12,nan,05_weather_diversion,17,0.22336099999620274,6.27651755001466,7.903957810078733
0.3425,1222.0,nan,14.099545943882989,300.0,0.0,0.8962724406022332,0.0,1483.4004155849223,nan,nan,nan,nan,nan,nan,0.0,vo,12,nan,05_weather_diversion,18,0.05701150001868882,6.118844050041616,6.6528542400169455
0.33666666666666667,1201.0,nan,18.232690006799288,300.0,0.0,0.9147605023842774,0.0,1580.3803991426328,nan,nan,nan,nan,nan,nan,0.0,vo,12,nan,05_weather_diversion,19,0.06441199997198055,4.606898549980095,6.517655029982733
0.3397222222222222,1212.0,nan,17.223986725087833,300.0,0.0,0.9257265755308312,0.0,1541.4456745243954,nan,nan,nan,nan,nan,nan,0.0,vo,12,nan,05_weather_diversion,2,0.04403100001582061,4.669181549945738,7.010836690038782
0.31583333333333335,1126.0,nan,42.73361618957413,300.0,0.0,0.87793495053918,0.0,1619.832870828025,nan,nan,nan,nan,nan,nan,0.0,vo,12,nan,05_weather_diversion,20,0.04318650002232971,4.181023000052166,7.0793309600674075
0.30694444444444446,1094.0,nan,26.865671757143613,300.0,0.0,0.894001692018025,0.0,1575.5605269277175,nan,nan,nan,nan,nan,nan,0.0,vo,12,nan,05_weather_diversion,21,0.04405150002639857,4.514356199950955,6.558779349961688
0.3605555555555556,1288.0,nan,22.768054350256335,300.0,0.0,0.8040624555666644,0.0,1440.4637671043945,nan,nan,nan,nan,nan,nan,0.0,vo,12,nan,05_weather_diversion,22,0.10311300002285861,4.785185550070996,8.325150020023099
0.3888888888888889,1390.0,nan,22.795634388593157,300.0,0.0,0.8146989112162099,0.0,1212.5813512239013,nan,nan,nan,nan,nan,nan,0.0,vo,12,nan,05_weather_diversion,23,0.14212400003543735,6.13815165000915,7.463495309984857
0.39833333333333326,1424.0,nan,21.770148368056997,300.0,0.0,0.871448950238201,0.0,897.596860335409,nan,nan,nan,nan,nan,nan,0.0,vo,12,nan,05_weather_diversion,24,0.08859749999601263,6.704585000017005,7.772282299958988
0.393611111111111,1407.0,nan,33.75045740197577,300.0,0.0,0.8762098897831195,0.0,949.0015338172898,nan,nan,nan,nan,nan,nan,0.0,vo,12,nan,05_weather_diversion,25,0.09893300000385352,6.779138050075063,7.308607710062915
0.26722222222222225,950.0,nan,24.954062551882295,119.0,0.0,0.9458384389489027,0.0,1033.0819351399293,nan,nan,nan,nan,nan,nan,0.0,vo,12,nan,05_weather_diversion,26,0.004509999939728004,6.6980949999731365,6.9420127200555655
0.3830555555555556,1368.0,nan,22.021603408847735,300.0,0.0,0.8953493600191081,0.0,897.3376217097833,nan,nan,nan,nan,nan,nan,0.0,vo,12,nan,05_weather_diversion,27,0.060426000004554226,6.850536000018792,6.972344050018356
0.37527777777777777,1339.0,nan,25.750160552151343,152.0,0.0,0.9403920612624335,0.0,1059.5166976441835,nan,nan,nan,nan,nan,nan,0.0,vo,12,nan,05_weather_diversion,28,0.06782700000940167,6.819503550002537,7.8466674500361915
0.40166666666666667,1436.0,nan,12.802237125623543,300.0,0.0,0.8846420016623244,0.0,1274.1209734287943,nan,nan,nan,nan,nan,nan,0.0,vo,12,nan,05_weather_diversion,29,0.10471799998867937,5.3607561999626805,7.7066408700625235
0.365,1303.0,nan,7.141451682310781,300.0,0.0,0.905872955254599,0.0,1136.302667699457,nan,nan,nan,nan,nan,nan,0.0,vo,12,nan,05_weather_diversion,3,0.1001880000330857,6.232964600013702,6.521957369965316
0.40833333333333327,1460.0,nan,10.220396194807684,300.0,0.0,0.7652011730785228,0.0,986.1502559805159,nan,nan,nan,nan,nan,nan,0.0,vo,12,nan,05_weather_diversion,4,0.10388299995156558,6.470043500007705,8.488102310017211
0.4547222222222223,1627.0,nan,7.156104689168938,300.0,0.0,0.8666470986165834,0.0,937.2422642352087,nan,nan,nan,nan,nan,nan,0.0,vo,12,nan,05_weather_diversion,5,0.18252500001381122,6.171002450025753,7.146610320060062
0.4030555555555555,1441.0,nan,11.33135162753615,300.0,0.0,0.8792818558974173,0.0,971.0219599594363,nan,nan,nan,nan,nan,nan,0.0,vo,12,nan,05_weather_diversion,6,0.1522094999586443,6.518247500042662,7.365292550033471
0.38527777777777783,1376.0,nan,16.169492670204015,300.0,0.0,0.865669185116241,0.0,1216.5936364429626,nan,nan,nan,nan,nan,nan,0.0,vo,12,nan,05_weather_diversion,7,0.07266699998353943,6.42493959995818,8.134690630046178
0.3788888888888889,1354.0,nan,37.94940849499417,300.0,0.0,0.8321779360307163,0.0,1223.796622525959,nan,nan,nan,nan,nan,nan,0.0,vo,12,nan,05_weather_diversion,8,0.07934199999226621,6.131063849960586,8.167101469995247
0.37916666666666665,1354.0,nan,33.7549954299321,300.0,0.0,0.8808155377646639,0.0,1303.0694469729588,nan,nan,nan,nan,nan,nan,0.0,vo,12,nan,05_weather_diversion,9,0.12152800002240838,4.616796850001495,6.589676920038982
0.4163194444444444,1175.0,nan,43.369961559680895,156.0,0.0,1.0,0.0,14497.707006459887,nan,nan,nan,nan,nan,nan,0.0,cbs,12,nan,06_priority_aircraft,0,0.0046700000666533015,0.01036100002238527,0.016016599965951173
0.4413194444444445,1247.0,nan,20.52265174773756,142.0,0.0,1.0,0.0,57319.222933077624,nan,nan,nan,nan,nan,nan,0.0,cbs,12,nan,06_priority_aircraft,1,0.003370999934304564,0.009971000054065371,0.02010059999975054
0.43749999999999994,1236.0,nan,49.24845367491445,149.0,0.0,1.0,0.0,11824.229866912243,nan,nan,nan,nan,nan,nan,0.0,cbs,12,nan,06_priority_aircraft,10,0.004030000013699464,0.009659999932409846,0.021995000020069697
0.3940972222222222,1111.0,nan,27.22523255690408,156.0,0.0,1.0,0.0,12504.822823561919,nan,nan,nan,nan,nan,nan,0.0,cbs,12,nan,06_priority_aircraft,11,0.002979999976560066,0.00963100001172279,0.01150240002516511
0.48784722222222227,1381.0,nan,20.558280830890826,163.0,0.0,1.0,0.0,24258.165096020577,nan,nan,nan,nan,nan,nan,0.0,cbs,12,nan,06_priority_aircraft,12,0.0053109999953449005,0.010400000064691994,0.018926000007013496
0.44826388888888874,1267.0,nan,31.40632075542032,147.0,0.0,1.0,0.0,22355.569051779614,nan,nan,nan,nan,nan,nan,0.0,cbs,12,nan,06_priority_aircraft,13,0.006129999974291422,0.009139999974649982,0.025003000041579022
0.4479166666666667,1266.0,nan,51.81333107156429,136.0,0.0,1.0,0.0,10733.758381237663,nan,nan,nan,nan,nan,nan,0.0,cbs,12,nan,06_priority_aircraft,14,0.004379999950288038,0.009780000027603819,0.024389000031987886
0.42951388888888886,1213.0,nan,30.6070888911917,146.0,0.0,1.0,0.0,20216.41503827509,nan,nan,nan,nan,nan,nan,0.0,cbs,12,nan,06_priority_aircraft,15,0.002429999995001708,0.010221000025012472,0.02757260003818368
0.38541666666666674,1086.0,nan,16.371931895070706,136.0,0.0,1.0,0.0,12865.424974527601,nan,nan,nan,nan,nan,nan,0.0,cbs,12,nan,06_priority_aircraft,16,0.0037099999872225453,0.009210000030179799,0.028715000007650763
0.46111111111111125,1304.0,nan,20.934819543499728,172.0,0.0,1.0,0.0,31779.572647164838,nan,nan,nan,nan,nan,nan,0.0,cbs,12,nan,06_priority_aircraft,17,0.006391000056282792,0.009439999985261238,0.024297000027217987
0.42430555555555555,1198.0,nan,21.05565419845257,167.0,0.0,1.0,0.0,27237.42694849229,nan,nan,nan,nan,nan,nan,0.0,cbs,12,nan,06_priority_aircraft,18,0.004089999947609613,0.00912999996671715,0.012652600003093538
0.4184027777777778,1181.0,nan,32.1638984225862,158.0,0.0,1.0,0.0,20450.112079433424,nan,nan,nan,nan,nan,nan,0.0,cbs,12,nan,06_priority_aircraft,19,0.0042000000348707545,0.020490999986577663,0.2864678000150883
0.43020833333333325,1215.0,nan,1.3013443300166614,144.0,6.313131313131313e-05,1.0,0.0,38342.67003912459,nan,nan,nan,nan,nan,nan,0.0,cbs,12,nan,06_priority_aircraft,2,0.003900000024259498,0.009940000040842278,0.019946600014009164
0.36319444444444443,1022.0,nan,14.455684622881659,167.0,0.0,1.0,0.0,26882.415976415003,nan,nan,nan,nan,nan,nan,0.0,cbs,12,nan,06_priority_aircraft,20,0.0037600000268867007,0.008279999974547536,0.016145000017786452
0.3635416666666666,1023.0,nan,25.29915446454974,152.0,0.0,1.0,0.0,16607.60127140098,nan,nan,nan,nan,nan,nan,0.0,cbs,12,nan,06_priority_aircraft,21,0.002300000005561742,0.008499999921696144,0.013930999966760251
0.3347222222222222,940.0,nan,19.654064625553175,141.0,0.0,1.0,0.0,16266.862212463368,nan,nan,nan,nan,nan,nan,0.0,cbs,12,nan,06_priority_aircraft,22,0.002529999960643181,0.008380000053875847,0.016249000009338477
0.3746527777777778,1055.0,nan,29.570336906393297,174.0,0.0,1.0,0.0,12040.699974017038,nan,nan,nan,nan,nan,nan,0.0,cbs,12,nan,06_priority_aircraft,23,0.002310000013494573,0.008520000051248644,0.016522399982932222
0.434375,1227.0,nan,2.9536721175964256,171.0,6.313131313131313e-05,1.0,0.0,36841.28360542554,nan,nan,nan,nan,nan,nan,0.0,cbs,12,nan,06_priority_aircraft,24,0.0039499999502368155,0.009299999987888441,0.015516000030402204
0.4364583333333333,1233.0,nan,22.888344426770743,160.0,0.0,1.0,0.0,39990.02248976936,nan,nan,nan,nan,nan,nan,0.0,cbs,12,nan,06_priority_aircraft,25,0.004839999974137754,0.012100000049031223,0.015624600041519438
0.3861111111111112,1088.0,nan,21.38650074422616,150.0,0.0,1.0,0.0,23468.15068803874,nan,nan,nan,nan,nan,nan,0.0,cbs,12,nan,06_priority_aircraft,26,0.002890000018851424,0.009381000040775689,0.14234159996249113
0.4812500000000001,1362.0,nan,17.560034994999537,163.0,0.0,1.0,0.0,10392.627400847787,nan,nan,nan,nan,nan,nan,0.0,cbs,12,nan,06_priority_aircraft,27,0.0054700000191587606,0.00987099997473706,0.0158020000071701
0.540625,1533.0,nan,12.432075271905505,172.0,0.0,1.0,0.0,32196.62262792617,nan,nan,nan,nan,nan,nan,0.0,cbs,12,nan,06_priority_aircraft,28,0.006390999942595954,0.01083999995898921,0.031021000040709578
0.44583333333333336,1260.0,nan,47.88486609979286,173.0,0.0,1.0,0.0,19457.959618955905,nan,nan,nan,nan,nan,nan,0.0,cbs,12,nan,06_priority_aircraft,29,0.005249999958323315,0.009170999987873074,0.01866460004293909
0.46319444444444446,1310.0,nan,22.647837017174655,144.0,0.0,1.0,0.0,12570.517987061232,nan,nan,nan,nan,nan,nan,0.0,cbs,12,nan,06_priority_aircraft,3,0.004879999892182241,0.009839999961513968,0.022791999981563966
0.39305555555555555,1108.0,nan,16.429253195640563,129.0,0.0,1.0,0.0,13604.121867537848,nan,nan,nan,nan,nan,nan,0.0,cbs,12,nan,06_priority_aircraft,4,0.003260000084992498,0.010650000035639096,0.020550000067487414
0.5107638888888889,1447.0,nan,22.26640598718637,144.0,0.0,1.0,0.0,15574.484322390019,nan,nan,nan,nan,nan,nan,0.0,cbs,12,nan,06_priority_aircraft,5,0.006689999963782611,0.010320999990653945,0.021644399998876906
0.46041666666666664,1302.0,nan,37.96713345296085,182.0,0.0,1.0,0.0,33490.92674992353,nan,nan,nan,nan,nan,nan,0.0,cbs,12,nan,06_priority_aircraft,6,0.005260000079942984,0.009971000054065371,0.18125720002899331
0.43645833333333334,1233.0,nan,16.63931275846955,156.0,0.0,1.0,0.0,12949.246453675234,nan,nan,nan,nan,nan,nan,0.0,cbs,12,nan,06_priority_aircraft,7,0.003710000100909383,0.010870999972212303,0.014116400029706709
0.38402777777777775,1082.0,nan,19.58577535300791,153.0,0.0,1.0,0.0,23910.812668693678,nan,nan,nan,nan,nan,nan,0.0,cbs,12,nan,06_priority_aircraft,8,0.0036300000374467345,0.01485100005993445,0.04303759997128506
0.44756944444444446,1265.0,nan,13.296293132693163,158.0,0.0,1.0,0.0,4250.57117050044,nan,nan,nan,nan,nan,nan,0.0,cbs,12,nan,06_priority_aircraft,9,0.0038599999925281736,0.008979999961411522,0.029094000001350567
0.41875,1194.0,nan,42.948509220464494,157.0,0.0,1.0,0.0,36553.64330877554,nan,nan,nan,nan,nan,nan,0.0,orca,12,nan,06_priority_aircraft,0,0.005919999978232227,0.02415799999653243,0.13796258996308097
0.4427083333333333,1263.0,nan,20.70833930986148,143.0,0.0,1.0,0.0,20549.570873473596,nan,nan,nan,nan,nan,nan,0.0,orca,12,nan,06_priority_aircraft,1,0.004600000011123484,0.014525000017329143,0.0473779999936136
0.4385416666666666,1251.0,nan,47.998000474961685,150.0,0.0,1.0,0.0,144183.45904060287,nan,nan,nan,nan,nan,nan,0.0,orca,12,nan,06_priority_aircraft,10,0.005270000031032396,0.01301300005138727,0.018262599982108402
0.3954861111111111,1127.0,nan,28.189694074392996,157.0,0.0,0.9999999999999999,0.0,41060.29310601265,nan,nan,nan,nan,nan,nan,0.0,orca,12,nan,06_priority_aircraft,11,0.0039599999581696466,0.02708550000534151,0.2185060000010701
0.4899305555555556,1399.0,nan,19.93893205628541,165.0,0.0,1.0,0.0,22506.98349497563,nan,nan,nan,nan,nan,nan,0.0,orca,12,nan,06_priority_aircraft,12,0.006659999996827537,0.017285450036297327,0.2107157300258664
0.4493055555555554,1282.0,nan,32.72831408036422,148.0,0.0,1.0,0.0,47784.01624693532,nan,nan,nan,nan,nan,nan,0.0,orca,12,nan,06_priority_aircraft,13,0.007730999982413778,0.01206500001558197,0.03546900007336246
0.44930555555555546,1282.0,nan,51.18144849062281,137.0,0.0,1.0,0.0,31506.118488208034,nan,nan,nan,nan,nan,nan,0.0,orca,12,nan,06_priority_aircraft,14,0.005725499988784577,0.013359949997493452,0.0246324999920942
0.43125,1230.0,nan,35.41638843672158,148.0,0.0,1.0,0.0,42689.60901182352,nan,nan,nan,nan,nan,nan,0.0,orca,12,nan,06_priority_aircraft,15,0.003625000033480319,0.013766499893108628,0.02525210996850542
0.38784722222222234,1105.0,nan,17.872176292917995,138.0,0.0,1.0,0.0,25780.421703252083,nan,nan,nan,nan,nan,nan,0.0,orca,12,nan,06_priority_aircraft,16,0.005685000019184372,0.013237000018762038,1.0902517699855454
0.4614583333333334,1317.0,nan,20.87164147166291,173.0,0.0,1.0,0.0,24449.344726971456,nan,nan,nan,nan,nan,nan,0.0,orca,12,nan,06_priority_aircraft,17,0.007705500024712819,0.01385555007118455,0.027911600025163345
0.42534722222222227,1213.0,nan,20.605138611922417,168.0,0.0,1.0,0.0,140497.37240752793,nan,nan,nan,nan,nan,nan,0.0,orca,12,nan,06_priority_aircraft,18,0.004984999975476967,0.01323504993138158,0.02769470999623969
0.4190972222222223,1195.0,nan,31.545216181145104,160.0,0.0,1.0,0.0,75733.00078126261,nan,nan,nan,nan,nan,nan,0.0,orca,12,nan,06_priority_aircraft,19,0.006250000012641976,0.01632099998118974,0.03199270000663995
0.43125,1230.0,nan,2.707939824371648,145.0,6.313131313131313e-05,1.0,0.0,24688.485321326923,nan,nan,nan,nan,nan,nan,0.0,orca,12,nan,06_priority_aircraft,2,0.005105000013827521,0.013629000005721533,0.03923060000033724
0.36423611111111104,1037.0,nan,16.40788427452605,168.0,0.0,1.0,0.0,24567.16494015165,nan,nan,nan,nan,nan,nan,0.0,orca,12,nan,06_priority_aircraft,20,0.005160000000614673,0.016025499968463912,0.03138919997581963
0.3652777777777778,1040.0,nan,25.366733556047585,153.0,0.0,1.0,0.0,42510.77869623646,nan,nan,nan,nan,nan,nan,0.0,orca,12,nan,06_priority_aircraft,21,0.003984999978001724,0.014182049983446625,0.02357920004328661
0.3361111111111112,956.0,nan,19.45806648476196,143.0,0.0,1.0,0.0,21129.70495780062,nan,nan,nan,nan,nan,nan,0.0,orca,12,nan,06_priority_aircraft,22,0.002750000021478627,0.011877999980924866,0.024160100051631113
0.3753472222222222,1069.0,nan,29.105390749546324,175.0,0.0,1.0,0.0,22764.493536347814,nan,nan,nan,nan,nan,nan,0.0,orca,12,nan,06_priority_aircraft,23,0.0033100000109698158,0.012343000008740999,0.02366450003023598
0.4357638888888889,1243.0,nan,2.9960877116302136,172.0,6.313131313131313e-05,1.0,0.0,26913.19753679219,nan,nan,nan,nan,nan,nan,0.0,orca,12,nan,06_priority_aircraft,24,0.005810500056213641,0.014508000009527676,0.04983069999980174
0.4378472222222221,1249.0,nan,22.16329996780351,161.0,0.0,1.0,0.0,30613.26403843483,nan,nan,nan,nan,nan,nan,0.0,orca,12,nan,06_priority_aircraft,25,0.005615000020497973,0.01273499996727878,0.02805999003044233
0.38784722222222234,1105.0,nan,20.54491320492234,151.0,0.0,1.0,0.0,20990.932966538378,nan,nan,nan,nan,nan,nan,0.0,orca,12,nan,06_priority_aircraft,26,0.004260500020336622,0.017487449974851178,0.3252041100040509
0.482638888888889,1378.0,nan,15.795813010295527,164.0,0.0,1.0,0.0,24507.866718714762,nan,nan,nan,nan,nan,nan,0.0,orca,12,nan,06_priority_aircraft,27,0.007075499979691813,0.012975550049532098,0.024638700007244496
0.540625,1545.0,nan,14.180878317990546,173.0,0.0,1.0,0.0,47156.82651096014,nan,nan,nan,nan,nan,nan,0.0,orca,12,nan,06_priority_aircraft,28,0.008875499986515933,0.015806499982318176,0.07021449997523624
0.4461805555555555,1273.0,nan,46.75660847369295,175.0,0.0,1.0,0.0,37718.152364287125,nan,nan,nan,nan,nan,nan,0.0,orca,12,nan,06_priority_aircraft,29,0.006039999959739362,0.012710050071973455,0.04301270007090314
0.4638888888888889,1324.0,nan,23.19486261908986,145.0,0.0,1.0,0.0,23883.329933334004,nan,nan,nan,nan,nan,nan,0.0,orca,12,nan,06_priority_aircraft,3,0.008235499990405515,0.016868500040345662,0.04348508998305054
0.39409722222222215,1123.0,nan,17.011814447680855,130.0,0.0,1.0,0.0,44320.339287447096,nan,nan,nan,nan,nan,nan,0.0,orca,12,nan,06_priority_aircraft,4,0.005590000000665896,0.013445500053421695,0.052015310013757386
0.5111111111111111,1460.0,nan,20.78998478795516,145.0,0.0,1.0,0.0,30363.2930052544,nan,nan,nan,nan,nan,nan,0.0,orca,12,nan,06_priority_aircraft,5,0.008795500036740123,0.01626599993755917,0.029802899947526357
0.4611111111111111,1316.0,nan,38.269849152325584,183.0,0.0,1.0,0.0,135288.32478992172,nan,nan,nan,nan,nan,nan,0.0,orca,12,nan,06_priority_aircraft,6,0.006625000025906047,0.013118950039370244,0.020690790023536396
0.43854166666666666,1251.0,nan,15.866393289550572,158.0,0.0,1.0,0.0,65181.22280995299,nan,nan,nan,nan,nan,nan,0.0,orca,12,nan,06_priority_aircraft,7,0.005184999963603332,0.014341000007789262,0.029544410051585094
0.38576388888888885,1099.0,nan,19.50919423137378,155.0,0.0,1.0,0.0,31524.67929211446,nan,nan,nan,nan,nan,nan,0.0,orca,12,nan,06_priority_aircraft,8,0.004180500013717392,0.01255950006111561,0.026226689985833072
0.44895833333333346,1281.0,nan,15.188213623509352,159.0,0.0,1.0,0.0,22337.94518809063,nan,nan,nan,nan,nan,nan,0.0,orca,12,nan,06_priority_aircraft,9,0.006195500020567124,0.013555450016156085,0.04558841994480597
1.0,1251.0,102.08336824703672,39.91338804784777,158.0,0.0,0.9847934036375589,1.0,3786.676446393232,14.169513058263037,14.004412858998549,3.5393530841512795,24.766652520028344,0.05,3.0166666666666666,0.0,sdacs_hybrid,12,nan,06_priority_aircraft,0,0.06036100000983424,1.0209090499870397,5.026572450002502
1.0,1316.0,100.16721190047558,10.895696286055736,147.0,0.0,0.9904463300557892,1.0,3823.703619885038,25.984314285959872,23.30919311192726,0.004624042669655247,57.330614121087855,0.05,3.0,0.0,sdacs_hybrid,12,nan,06_priority_aircraft,1,0.061531999961061956,0.45169404993998724,7.744060979922536
1.0,1299.0,97.87221462884764,47.877369448239904,157.0,0.0,0.9925032913108695,1.0,3510.775381513203,36.45720453218206,36.45720453218208,9.457204532181972,63.45720453218209,0.05,3.0,0.0,sdacs_hybrid,12,nan,06_priority_aircraft,10,0.06275199996252923,1.1742488000720608,3.666626770009301
1.0,1184.0,96.67450234453077,22.475861305198375,160.0,0.0,0.9872296764927456,1.0,3353.8563254897726,33.928759922276214,38.90525845366354,0.0,54.31570924346971,0.05,3.0,0.0,sdacs_hybrid,12,nan,06_priority_aircraft,11,0.06554199995889576,1.314504999999132,5.110263050005412
1.0,1466.0,101.1656445101075,25.946849659433056,170.0,0.0,0.9814390237191191,1.0,3646.3155364082645,33.935781662761535,32.69733138938604,2.2932491288255865,65.68014698421183,0.05,3.0,0.0,sdacs_hybrid,12,nan,06_priority_aircraft,12,0.06676700002117286,1.1370790000739817,3.8689315199257917
1.0,1330.0,102.12913889579244,26.90422605100401,151.0,0.0,0.9885341440681857,1.0,2635.8887121175057,26.284456733129613,22.44828699825283,4.417751954400885,56.85423994596756,0.05,3.0125,0.0,sdacs_hybrid,12,nan,06_priority_aircraft,13,0.0592920000030972,0.20648699999696862,8.53584217001525
1.0,1333.0,100.41235591406296,22.380194324441415,143.0,0.0,0.9909190624397346,1.0,3173.360526916303,23.891566556662188,19.220571129374598,1.039208338505761,57.07841668419747,0.05,5.5625,0.0,sdacs_hybrid,12,nan,06_priority_aircraft,14,0.0640370000155599,1.520497000041132,5.485223919964683
1.0,1291.0,94.96799239556752,34.55788501918706,154.0,0.0,0.9860566745114333,1.0,3412.1787369750955,22.996938778811447,22.491925019646253,2.2444308914411386,45.516994823259914,0.05,3.0166666666666666,0.0,sdacs_hybrid,12,nan,06_priority_aircraft,15,0.06021650000320733,0.21165750005707187,8.226500839995197
1.0,1156.0,103.67185562444972,22.619580104335697,144.0,0.0,0.988742666416668,1.0,3209.6113309154475,24.999280569235346,23.295395523284558,1.0611311897394837,52.76057285993745,0.05,3.066666666666667,0.0,sdacs_hybrid,12,nan,06_priority_aircraft,16,0.059845999999197375,0.24415964997501613,8.18491719994654
1.0,1367.0,96.56891750410493,19.43318045607449,177.0,0.0,0.9893399888247293,1.0,3272.4947024807234,31.906653304166298,34.32368950835629,4.323699224494336,59.3375521016152,0.05,3.0,0.0,sdacs_hybrid,12,nan,06_priority_aircraft,17,0.06495700006325933,1.3494695000019814,5.739090850033777
1.0,1261.0,94.79517828985952,22.69571573114282,168.0,0.0,0.989536561319127,1.0,3098.194485855141,25.22056122311372,23.814658211371007,1.7629831836060874,51.33344125779062,0.05,3.0,0.0,sdacs_hybrid,12,nan,06_priority_aircraft,18,0.06166149995578962,0.9505135000381414,7.783986779954815
1.0,1235.0,99.18624308323952,17.591254235566783,166.0,0.0,0.9955196922025463,1.0,3973.521446461775,26.04119856447558,26.791547341651473,5.445111812583603,47.81064857498248,0.05,3.0,0.0,sdacs_hybrid,12,nan,06_priority_aircraft,19,0.06438699995214847,1.8117871500010077,4.113896839960487
1.0,1281.0,103.38096831154259,21.24912912826187,148.0,0.0,0.9897243045827623,1.0,4045.7135967833033,25.050280883084948,23.49073955698498,0.34682549998125756,49.056262957653544,0.05,3.0,0.0,sdacs_hybrid,12,nan,06_priority_aircraft,2,0.06086150006012758,0.24279114991259032,6.398315180001616
1.0,1091.0,98.25356621733236,17.35020016804095,171.0,0.0,0.9832841587749814,1.0,3464.328445125373,25.97341147419408,22.923033841453904,5.542760268722539,53.73292352850019,0.05,3.0375,0.0,sdacs_hybrid,12,nan,06_priority_aircraft,20,0.06008700000847966,0.31522269993047075,7.357867629975743
1.0,1101.0,97.31041209072929,25.546273373254017,154.0,0.0,0.9778441774530767,1.0,5229.917069425772,21.731215189695078,18.448713651962212,7.107328767912296,42.41899252331095,0.05,3.0,0.0,sdacs_hybrid,12,nan,06_priority_aircraft,21,0.06430700005921608,1.1199516000885965,1.7556746300499513
1.0,1004.0,101.3677031548335,8.437567061380154,146.0,0.0,0.983979393436987,1.0,5130.964885652912,13.515225742431102,11.329861357276089,0.711113018989372,30.262558441723538,0.05,3.0708333333333333,0.0,sdacs_hybrid,12,nan,06_priority_aircraft,22,0.060836999978164386,0.8919883000828542,2.9960600600202243
1.0,1110.0,102.74847637619108,31.353410891674855,181.0,0.0,0.9907120125525939,1.0,3356.2598511463502,28.404930920458302,27.514124492804708,7.856124308613348,52.08412400485964,0.05,3.0,0.0,sdacs_hybrid,12,nan,06_priority_aircraft,23,0.060941999947772274,0.38290790002973846,6.202151619986579
1.0,1293.0,97.54508376927136,9.934052097118192,176.0,0.0,0.9841421565703681,1.0,3283.2739395911294,24.3273936655021,21.573810589517972,2.4629161707039406,54.64518623654727,0.05,3.0,0.0,sdacs_hybrid,12,nan,06_priority_aircraft,24,0.06347199996525887,0.26760315000160334,6.2161319099891434
1.0,1302.0,98.41605880531472,24.96392145099618,163.0,0.0,0.9881603408990335,1.0,4156.403381024116,31.422150308344886,29.003981136689116,0.0,68.57830529717324,0.05,3.091666666666667,0.0,sdacs_hybrid,12,nan,06_priority_aircraft,25,0.05942699999650358,0.18544399995903402,6.312267839963395
1.0,1158.0,97.6594909085657,16.571399002716156,154.0,0.0,0.986059820288896,1.0,4003.278551695428,21.851937793980976,21.56498396046898,2.397200601710728,44.25386505407495,0.05,3.0,0.0,sdacs_hybrid,12,nan,06_priority_aircraft,26,0.06014650000452093,0.20353335006007,5.734665590056223
1.0,1437.0,101.1739750668105,14.657820949268862,170.0,0.0,0.9882344850115411,1.0,2935.3025919658003,38.308960319528495,36.41750325439574,5.981447846819517,68.98144785944093,0.05,3.0,0.0,sdacs_hybrid,12,nan,06_priority_aircraft,27,0.07524199997988035,1.1001505499621085,4.187339739930831
1.0,1587.0,107.05432840459402,17.323907287467133,176.0,0.0,0.9950540903169655,1.0,2805.093774457691,18.945981168131713,3.495053264447127,2.9214267114444756,57.915948761533265,0.05,3.0,0.0,sdacs_hybrid,12,nan,06_priority_aircraft,28,0.06800200003453938,1.461920650064028,4.098068290011265
1.0,1311.0,101.22959953977129,51.240475761235274,182.0,0.0,0.9962426436457222,1.0,4251.87565736454,nan,nan,nan,nan,0.05,3.0708333333333333,0.0,sdacs_hybrid,12,nan,06_priority_aircraft,29,0.062351999986276496,0.2237426999386095,6.360373759994214
1.0,1382.0,103.79764072885943,19.029086406774905,152.0,0.0,0.9894092659985291,1.0,4689.622512151928,35.841503562618136,31.68061719728898,3.5948227014712018,82.17279127814032,0.05,3.1,0.0,sdacs_hybrid,12,nan,06_priority_aircraft,3,0.06318199996258045,0.7291090999615322,3.414638339970661
1.0,1174.0,98.96945360927691,11.881542752261218,133.0,0.0,0.9896857663382512,1.0,6449.872477956692,23.35257029119354,22.127851060084836,0.3646857470288353,51.515390295892296,0.05,3.0791666666666666,0.0,sdacs_hybrid,12,nan,06_priority_aircraft,4,0.05926649998855282,0.44653654999819886,1.605037400008768
1.0,1507.0,99.40843163475715,10.473333519794593,151.0,0.0,0.9934847279552593,1.0,2949.7629558223075,18.08466383044881,9.545009390105307,2.859008352899178,43.798696050952785,0.05,3.0,0.0,sdacs_hybrid,12,nan,06_priority_aircraft,5,0.059676499972738384,0.24336219994438335,8.407357259989087
1.0,1372.0,102.1654846711403,46.87590557005612,187.0,0.0,0.9882129302579936,1.0,3495.005746005601,54.69555098015426,60.0,8.81486247996037,90.0,0.05,3.125,0.0,sdacs_hybrid,12,nan,06_priority_aircraft,6,0.061681499971655285,0.19630850007956682,6.718620430019643
1.0,1317.0,99.5892647301343,19.35467154577553,163.0,0.0,0.9838104321697738,1.0,3458.587222452469,23.577690916700067,22.32791025982769,0.0,47.41886473277155,0.05,3.95,0.0,sdacs_hybrid,12,nan,06_priority_aircraft,7,0.06103700002313417,1.6727170500246236,5.875840280025376
1.0,1160.0,102.72435565509797,14.427667277421959,163.0,0.0,0.9848217518933687,1.0,3356.1066612061595,31.42645077700819,32.68952922415543,4.1760109358414725,57.603274261497134,0.05,3.0,0.0,sdacs_hybrid,12,nan,06_priority_aircraft,8,0.06173200000603174,0.40467174995339483,6.813837489983128
1.0,1331.0,98.37907069376547,17.026297775140943,160.0,0.0,0.9846618995387596,1.0,4471.983831843884,32.092850138039736,31.514631722602083,1.8003746228262005,64.06215905802252,0.05,3.158333333333333,0.0,sdacs_hybrid,12,nan,06_priority_aircraft,9,0.0622760000510425,0.9260670000003302,3.2943429700128455
0.4871527777777779,1392.0,nan,11.099469877664252,240.0,0.0,0.9383554678450122,0.0,1076.0982517522068,nan,nan,nan,nan,nan,nan,0.0,vo,12,nan,06_priority_aircraft,0,0.21677100005490502,6.267964949944371,7.0264453800598305
0.5815972222222221,1666.0,nan,24.220578268970833,240.0,0.0,0.9014209938733777,0.0,772.7233798405424,nan,nan,nan,nan,nan,nan,0.0,vo,12,nan,06_priority_aircraft,1,0.25318199999446733,8.445692049963327,10.506131299993058
0.5743055555555556,1645.0,nan,33.228769788053555,240.0,0.0,0.9006977728706237,0.0,856.7685808483535,nan,nan,nan,nan,nan,nan,0.0,vo,12,nan,06_priority_aircraft,10,0.3252690000294933,6.208218550017363,7.711648109997207
0.49479166666666674,1414.0,nan,8.579620294511525,240.0,0.0,0.9174827431481857,0.0,1077.510236425756,nan,nan,nan,nan,nan,nan,0.0,vo,12,nan,06_priority_aircraft,11,0.20757049998110233,4.782667850025736,6.2530778000768805
0.5670138888888888,1623.0,nan,15.629800389694967,240.0,0.0,0.9487271557576394,0.0,906.24209244765,nan,nan,nan,nan,nan,nan,0.0,vo,12,nan,06_priority_aircraft,12,0.36797500001739536,6.464207000016131,7.456649199968978
0.515625,1474.0,nan,20.721514173801328,240.0,0.0,0.9537959121158915,0.0,935.3114515813057,nan,nan,nan,nan,nan,nan,0.0,vo,12,nan,06_priority_aircraft,13,0.2985090000038326,6.358857049991684,8.042435399976274
0.5069444444444444,1448.0,nan,49.75915156120335,179.0,0.0,0.9523389041965636,0.0,970.5939278984978,nan,nan,nan,nan,nan,nan,0.0,vo,12,nan,06_priority_aircraft,14,0.23314150001851885,6.429700549995232,7.667719850020373
0.4826388888888888,1378.0,nan,13.457026393799637,168.0,0.0,0.9531973424553426,0.0,1027.047650791407,nan,nan,nan,nan,nan,nan,0.0,vo,12,nan,06_priority_aircraft,15,0.24769200001628633,7.3473745000342205,9.118859170038135
0.46840277777777783,1338.0,nan,33.44614308399234,240.0,0.0,0.9199213892390862,0.0,1053.5560096536847,nan,nan,nan,nan,nan,nan,0.0,vo,12,nan,06_priority_aircraft,16,0.24844699998993747,6.377894500064939,8.484245499953431
0.5506944444444445,1575.0,nan,21.825504437066844,240.0,0.0,0.9031120715967643,0.0,906.8361057686567,nan,nan,nan,nan,nan,nan,0.0,vo,12,nan,06_priority_aircraft,17,0.3438749999986612,6.559983500051203,8.917023839981066
0.49895833333333334,1426.0,nan,47.1158334184728,240.0,0.0,0.9276237615232725,0.0,1020.0834757261264,nan,nan,nan,nan,nan,nan,0.0,vo,12,nan,06_priority_aircraft,18,0.28705300002229706,5.925963250030005,8.41510758001959
0.525,1502.0,nan,26.29934052987473,240.0,0.0,0.9192611490431014,0.0,977.9099115165645,nan,nan,nan,nan,nan,nan,0.0,vo,12,nan,06_priority_aircraft,19,0.28241299997944225,6.3946455499319645,7.08071318995734
0.5392361111111111,1543.0,nan,19.36658550712253,240.0,0.0,0.9223575135406573,0.0,835.9397936099575,nan,nan,nan,nan,nan,nan,0.0,vo,12,nan,06_priority_aircraft,2,0.2560274999723333,7.620477950086977,10.52350269002659
0.45451388888888894,1298.0,nan,21.058431399400497,240.0,0.0,0.8888279741999962,0.0,1095.591599606058,nan,nan,nan,nan,nan,nan,0.0,vo,12,nan,06_priority_aircraft,20,0.22592100003748783,5.391417299983898,8.459262120034055
0.4444444444444444,1269.0,nan,16.050629962437114,240.0,0.0,0.9225983162500344,0.0,1089.029781914946,nan,nan,nan,nan,nan,nan,0.0,vo,12,nan,06_priority_aircraft,21,0.22073600001704108,6.483744799925257,8.433674800004383
0.4430555555555556,1266.0,nan,23.897513549020584,240.0,0.0,0.8930686303855601,0.0,1187.9166837410953,nan,nan,nan,nan,nan,nan,0.0,vo,12,nan,06_priority_aircraft,22,0.14412399997354441,4.5622150000156125,6.9590087800179266
0.4635416666666667,1323.0,nan,68.47541201645838,186.0,0.0,0.8917958269137077,0.0,1228.8802968080743,nan,nan,nan,nan,nan,nan,0.0,vo,12,nan,06_priority_aircraft,23,0.2131510000253911,4.509846549967733,6.533584680003059
0.5822916666666667,1668.0,nan,19.46915935888139,240.0,0.0,0.8598606909121508,0.0,799.7178302267797,nan,nan,nan,nan,nan,nan,0.0,vo,12,nan,06_priority_aircraft,24,0.2948024999795962,8.170350550028616,9.065773940011455
0.4982638888888888,1424.0,nan,43.943614511578616,240.0,0.0,0.9579968972276321,0.0,1198.2322898409832,nan,nan,nan,nan,nan,nan,0.0,vo,12,nan,06_priority_aircraft,25,0.2623469999889494,4.463764049978636,7.497100049973821
0.48194444444444445,1377.0,nan,22.532205521249285,240.0,0.0,0.9093212094496588,0.0,1042.2368525542574,nan,nan,nan,nan,nan,nan,0.0,vo,12,nan,06_priority_aircraft,26,0.21533099993575888,6.498529550054854,8.523098109990315
0.5163194444444446,1475.0,nan,20.43606045312275,169.0,0.0,0.9736565477971603,0.0,1166.5683727500357,nan,nan,nan,nan,nan,nan,0.0,vo,12,nan,06_priority_aircraft,27,0.27326250005899055,4.562428999918204,6.442618530027174
0.6375000000000001,1826.0,nan,32.002954162938984,240.0,0.0,0.9385712552522433,0.0,774.8825064218227,nan,nan,nan,nan,nan,nan,0.0,vo,12,nan,06_priority_aircraft,28,0.3770949999761797,5.759357399966798,10.449121799954355
0.5413194444444444,1549.0,nan,37.589224587605955,240.0,0.0,0.9175378221779912,0.0,857.3892095597434,nan,nan,nan,nan,nan,nan,0.0,vo,12,nan,06_priority_aircraft,29,0.2670229999921503,7.4490515499405765,10.350765799986448
0.5041666666666667,1440.0,nan,9.703234607879638,155.0,0.0,0.9689748253504459,0.0,1138.1852933027008,nan,nan,nan,nan,nan,nan,0.0,vo,12,nan,06_priority_aircraft,3,0.3279339999835429,6.169233049973854,6.489650000013398
0.5489583333333332,1570.0,nan,25.22258374869535,240.0,0.0,0.8260213859880162,0.0,969.7535366939643,nan,nan,nan,nan,nan,nan,0.0,vo,12,nan,06_priority_aircraft,4,0.30653350000875434,4.370957650058925,6.562786950017878
0.5923611111111112,1695.0,nan,18.74790227552534,240.0,0.0,0.9402439778729589,0.0,980.6213009817043,nan,nan,nan,nan,nan,nan,0.0,vo,12,nan,06_priority_aircraft,5,0.40247700002282727,5.094519749991374,7.117831059986188
0.585763888888889,1678.0,nan,19.996382145581315,240.0,0.0,0.9090592793120175,0.0,803.6094923959956,nan,nan,nan,nan,nan,nan,0.0,vo,12,nan,06_priority_aircraft,6,0.29626800005644327,8.174697350079892,10.103452070025
0.5204861111111111,1488.0,nan,7.104437416148125,240.0,0.0,0.9406691072182772,0.0,833.9000147212274,nan,nan,nan,nan,nan,nan,0.0,vo,12,nan,06_priority_aircraft,7,0.20710649999955422,8.310775599943552,9.40891621993386
0.46770833333333334,1335.0,nan,31.922073714315427,168.0,0.0,0.9058875465777231,0.0,914.5952830131646,nan,nan,nan,nan,nan,nan,0.0,vo,12,nan,06_priority_aircraft,8,0.22041599999056416,7.5188979499443915,9.14302228001587
0.5788194444444446,1657.0,nan,54.77357807196431,240.0,0.0,0.8934195446502006,0.0,1056.3679384456752,nan,nan,nan,nan,nan,nan,0.0,vo,12,nan,06_priority_aircraft,9,0.3496699999914199,4.5738696000057635,6.480971539994015
0.25166666666666665,882.0,nan,22.630522904696743,117.0,0.0,1.0,0.0,20687.022927024664,nan,nan,nan,nan,nan,nan,0.0,cbs,12,nan,07_communication_loss,0,0.0005499999815583578,0.008349999916390516,0.009960999932445702
0.26555555555555554,932.0,nan,19.04662713022297,106.0,0.0,0.9999999999999999,0.0,19285.520328576724,nan,nan,nan,nan,nan,nan,0.0,cbs,12,nan,07_communication_loss,1,0.00039999997625272954,0.009450999982618669,0.011231000030420546
0.2630555555555556,923.0,nan,27.574336914730996,111.0,0.0,1.0,0.0,31230.71503333098,nan,nan,nan,nan,nan,nan,0.0,cbs,12,nan,07_communication_loss,10,0.0004199999921183917,0.008540999942852068,0.017260999925383658
0.23722222222222225,830.0,nan,20.492273417884896,117.0,0.0,1.0,0.0,25878.77192809338,nan,nan,nan,nan,nan,nan,0.0,cbs,12,nan,07_communication_loss,11,0.00038999996831989847,0.008529999945494637,0.0204900001108399
0.2938888888888889,1034.0,nan,15.114924971620987,122.0,0.0,1.0,0.0,17301.9919667049,nan,nan,nan,nan,nan,nan,0.0,cbs,12,nan,07_communication_loss,12,0.00041000009787239833,0.009180999995805905,0.011139999969600467
0.2697222222222222,947.0,nan,19.876755856299127,110.0,0.0,1.0,0.0,32552.37650250191,nan,nan,nan,nan,nan,nan,0.0,cbs,12,nan,07_communication_loss,13,0.00039999997625272954,0.008139999977174739,0.015279999956874235
0.26944444444444443,946.0,nan,25.970905019326395,101.0,0.0,1.0,0.0,46195.98399818421,nan,nan,nan,nan,nan,nan,0.0,cbs,12,nan,07_communication_loss,14,0.0004500000159168849,0.008869999987837218,0.011060000019824656
0.25861111111111107,907.0,nan,19.358090089752476,110.0,0.0,1.0,0.0,18324.172570405382,nan,nan,nan,nan,nan,nan,0.0,cbs,12,nan,07_communication_loss,15,0.0004099999841855606,0.009241000043402892,0.019440999949438265
0.23249999999999996,813.0,nan,13.52298800100539,102.0,0.0,1.0,0.0,21451.309817058063,nan,nan,nan,nan,nan,nan,0.0,cbs,12,nan,07_communication_loss,16,0.0003900000820067362,0.007950000053824624,0.012239999932717183
0.27777777777777773,976.0,nan,11.126147599620369,129.0,0.0,1.0,0.0,7065.713847294759,nan,nan,nan,nan,nan,nan,0.0,cbs,12,nan,07_communication_loss,17,0.0003900000820067362,0.007869999990361976,0.009430999966753006
0.25527777777777777,895.0,nan,9.967446769637371,125.0,0.0,1.0,0.0,24830.804964124196,nan,nan,nan,nan,nan,nan,0.0,cbs,12,nan,07_communication_loss,18,0.0004099999841855606,0.008030000003600435,0.0189200000022538
0.25194444444444436,883.0,nan,16.073447893815477,118.0,0.0,1.0,0.0,9155.655109422278,nan,nan,nan,nan,nan,nan,0.0,cbs,12,nan,07_communication_loss,19,0.0004500000159168849,0.007719999985056347,0.01026999996156519
0.25861111111111107,907.0,nan,6.822672502963458,108.0,0.0,1.0,0.0,29190.074673913405,nan,nan,nan,nan,nan,nan,0.0,cbs,12,nan,07_communication_loss,2,0.00039999997625272954,0.008839999964038725,0.012860999959229957
0.21888888888888886,764.0,nan,9.712126544166956,125.0,0.0,1.0,0.0,11410.844844133586,nan,nan,nan,nan,nan,nan,0.0,cbs,12,nan,07_communication_loss,20,0.00040000008993956726,0.007839999966563482,0.0366809999832185
0.21833333333333332,762.0,nan,15.085842684653034,113.0,0.0,0.9999999999999999,0.0,5608.10642062682,nan,nan,nan,nan,nan,nan,0.0,cbs,12,nan,07_communication_loss,21,0.0005900000132896821,0.01069000006737042,0.2911779999976716
0.20166666666666666,702.0,nan,14.114895829255882,106.0,0.0,1.0,0.0,9240.537189388388,nan,nan,nan,nan,nan,nan,0.0,cbs,12,nan,07_communication_loss,22,0.0003799999603870674,0.007800999924256757,0.00922000003811263
0.22555555555555556,788.0,nan,15.123589539687217,130.0,0.0,1.0,0.0,4860.896455270621,nan,nan,nan,nan,nan,nan,0.0,cbs,12,nan,07_communication_loss,23,0.0007400000185953104,0.012050000009367068,0.42989200005649764
0.26166666666666666,918.0,nan,7.578935936018609,128.0,0.0,1.0,0.0,7191.107419043297,nan,nan,nan,nan,nan,nan,0.0,cbs,12,nan,07_communication_loss,24,0.00040000008993956726,0.00832000000627886,0.010320000001229346
0.26305555555555554,923.0,nan,14.298744012293186,120.0,0.0,1.0,0.0,19082.435102005573,nan,nan,nan,nan,nan,nan,0.0,cbs,12,nan,07_communication_loss,25,0.0004400000079840538,0.008970000067165529,0.045451000005414244
0.23277777777777775,814.0,nan,19.0162824907923,112.0,0.0,1.0,0.0,16274.493859213086,nan,nan,nan,nan,nan,nan,0.0,cbs,12,nan,07_communication_loss,26,0.0003900000820067362,0.008690000072419934,0.03586100001484738
0.2897222222222222,1019.0,nan,6.831939099186505,122.0,0.0,1.0,0.0,27743.1989628536,nan,nan,nan,nan,nan,nan,0.0,cbs,12,nan,07_communication_loss,27,0.00038999996831989847,0.008600000001024455,0.015211000004455855
0.3247222222222222,1145.0,nan,9.139146170247011,129.0,0.0,1.0,0.0,18162.6307383877,nan,nan,nan,nan,nan,nan,0.0,cbs,12,nan,07_communication_loss,28,0.0004199999921183917,0.009670000054029515,0.017400000047018693
0.26805555555555555,941.0,nan,28.61802021380067,130.0,0.0,1.0,0.0,13958.182866048006,nan,nan,nan,nan,nan,nan,0.0,cbs,12,nan,07_communication_loss,29,0.0004099999841855606,0.008209999919017719,0.019059999999626598
0.27861111111111114,979.0,nan,9.086103487906485,108.0,0.0,1.0,0.0,16599.09543791624,nan,nan,nan,nan,nan,nan,0.0,cbs,12,nan,07_communication_loss,3,0.00039999997625272954,0.009590000104253704,0.012470999990910059
0.23722222222222225,830.0,nan,11.5556362665304,96.0,0.0,1.0,0.0,20149.313126742985,nan,nan,nan,nan,nan,nan,0.0,cbs,12,nan,07_communication_loss,4,0.00039999997625272954,0.014630000009674404,0.02649099997142912
0.30749999999999994,1083.0,nan,17.890999561286446,108.0,0.0,1.0,0.0,21237.067687530372,nan,nan,nan,nan,nan,nan,0.0,cbs,12,nan,07_communication_loss,5,0.0004199999921183917,0.012120000064896885,0.072031999934552
0.27722222222222226,974.0,nan,28.192223134750567,136.0,0.0,1.0,0.0,24896.74903226709,nan,nan,nan,nan,nan,nan,0.0,cbs,12,nan,07_communication_loss,6,0.0006400000529538374,0.015630000007149647,0.01869000004717236
0.2633333333333333,924.0,nan,12.142458742278903,117.0,0.0,1.0,0.0,26176.18316345859,nan,nan,nan,nan,nan,nan,0.0,cbs,12,nan,07_communication_loss,7,0.00039999997625272954,0.011610000001383014,0.013480000006893533
0.23166666666666666,810.0,nan,16.70094231185376,115.0,0.0,1.0,0.0,17438.433610069413,nan,nan,nan,nan,nan,nan,0.0,cbs,12,nan,07_communication_loss,8,0.0004200001058052294,0.007860000096115982,0.009980000072573603
0.26944444444444443,946.0,nan,14.59484019191756,118.0,0.0,1.0,0.0,20442.052572950997,nan,nan,nan,nan,nan,nan,0.0,cbs,12,nan,07_communication_loss,9,0.000470000031782547,0.009361000024910027,0.23939699997299613
0.2522222222222222,896.0,nan,23.271118383809206,118.0,0.0,1.0,0.0,40755.58130659633,nan,nan,nan,nan,nan,nan,0.0,orca,12,nan,07_communication_loss,0,0.0004199999921183917,0.012372450021302939,0.01859970998680171
0.2663888888888889,947.0,nan,20.15360619424355,108.0,0.0,1.0,0.0,32095.306799398808,nan,nan,nan,nan,nan,nan,0.0,orca,12,nan,07_communication_loss,1,0.0004199999921183917,0.012171949981620855,0.01603900000986858
0.2638888888888889,938.0,nan,28.86023415395494,112.0,0.0,1.0,0.0,39634.19749574362,nan,nan,nan,nan,nan,nan,0.0,orca,12,nan,07_communication_loss,10,0.0003900000820067362,0.014604999978473645,0.03824180005153718
0.23833333333333334,846.0,nan,20.156127663797403,118.0,0.0,1.0,0.0,240456.8680456182,nan,nan,nan,nan,nan,nan,0.0,orca,12,nan,07_communication_loss,11,0.0005999999643790943,0.012025499984247292,0.016451599949505163
0.2952777777777778,1051.0,nan,15.177005914872222,124.0,0.0,0.9999999999999999,0.0,53700.3477632054,nan,nan,nan,nan,nan,nan,0.0,orca,12,nan,07_communication_loss,12,0.00041000009787239833,0.01355700005660765,0.0274451999086976
0.27083333333333326,963.0,nan,19.902908599139344,111.0,0.0,1.0,0.0,55277.3161614218,nan,nan,nan,nan,nan,nan,0.0,orca,12,nan,07_communication_loss,13,0.00038999996831989847,0.013051000007635594,0.019491000077778126
0.2708333333333333,963.0,nan,26.483590471234244,103.0,0.0,1.0,0.0,218004.56064703106,nan,nan,nan,nan,nan,nan,0.0,orca,12,nan,07_communication_loss,14,0.0003900000820067362,0.012954500027717586,0.018750499980342283
0.2597222222222222,923.0,nan,19.490916229207397,111.0,0.0,0.9999999999999999,0.0,226408.77197888625,nan,nan,nan,nan,nan,nan,0.0,orca,12,nan,07_communication_loss,15,0.0005100000635138713,0.013288949952539044,0.018003800067845074
0.2336111111111111,829.0,nan,11.423279088472665,103.0,0.0,1.0,0.0,60743.930921757186,nan,nan,nan,nan,nan,nan,0.0,orca,12,nan,07_communication_loss,16,0.00038999996831989847,0.012155050086448684,0.01744706998351807
0.27833333333333327,990.0,nan,11.722849976428064,130.0,0.0,0.9999999999999999,0.0,31831.174242293073,nan,nan,nan,nan,nan,nan,0.0,orca,12,nan,07_communication_loss,17,0.00040000008993956726,0.011551999955372594,0.01664040002310673
0.2561111111111111,910.0,nan,10.182195367235467,126.0,0.0,1.0,0.0,41126.797480827125,nan,nan,nan,nan,nan,nan,0.0,orca,12,nan,07_communication_loss,18,0.00042500005292822607,0.01148050001233969,0.01845971003604057
0.25277777777777777,898.0,nan,18.546354087875443,120.0,0.0,1.0,0.0,44193.171889786456,nan,nan,nan,nan,nan,nan,0.0,orca,12,nan,07_communication_loss,19,0.0004400000079840538,0.015963500004545505,0.5289601100696472
0.2602777777777778,925.0,nan,5.1438354006895,109.0,0.0,1.0,0.0,134532.64703147954,nan,nan,nan,nan,nan,nan,0.0,orca,12,nan,07_communication_loss,2,0.00038999996831989847,0.012376000023550661,0.024899600050503044
0.21944444444444444,778.0,nan,9.440801004463653,126.0,0.0,1.0,0.0,41840.012161526814,nan,nan,nan,nan,nan,nan,0.0,orca,12,nan,07_communication_loss,20,0.0003900000820067362,0.011204450009927314,0.015848109947000914
0.22055555555555553,782.0,nan,15.149542039775605,115.0,0.0,1.0,0.0,41529.37746633388,nan,nan,nan,nan,nan,nan,0.0,orca,12,nan,07_communication_loss,21,0.0004400000079840538,0.011723449949840875,0.01541949993566049
0.20277777777777775,718.0,nan,15.309638539192752,107.0,0.0,1.0,0.0,118381.48829217209,nan,nan,nan,nan,nan,nan,0.0,orca,12,nan,07_communication_loss,22,0.0003900000820067362,0.010203000016417718,0.018705300002465862
0.22583333333333333,801.0,nan,15.48953043058531,131.0,0.0,1.0,0.0,267405.65704979334,nan,nan,nan,nan,nan,nan,0.0,orca,12,nan,07_communication_loss,23,0.00043000000005122274,0.01090105000685071,0.014005289938268084
0.26222222222222225,932.0,nan,8.033006169547525,129.0,0.0,1.0,0.0,25558.30411461077,nan,nan,nan,nan,nan,nan,0.0,orca,12,nan,07_communication_loss,24,0.0004500000159168849,0.01254749993790938,0.02088239992644953
0.2638888888888889,938.0,nan,14.862081114349769,121.0,0.0,1.0,0.0,121988.46070358797,nan,nan,nan,nan,nan,nan,0.0,orca,12,nan,07_communication_loss,25,0.0004099999841855606,0.013738049972289449,0.025980390006452563
0.23333333333333334,828.0,nan,16.37488509705463,113.0,0.0,1.0,0.0,68851.52444259204,nan,nan,nan,nan,nan,nan,0.0,orca,12,nan,07_communication_loss,26,0.0004099999841855606,0.012701950043947368,0.031055309930252364
0.2902777777777778,1033.0,nan,7.37199855523624,123.0,0.0,1.0,0.0,50124.6684045071,nan,nan,nan,nan,nan,nan,0.0,orca,12,nan,07_communication_loss,27,0.00039999997625272954,0.012353000022358174,0.017091200090817393
0.32611111111111113,1162.0,nan,9.182002012476508,130.0,0.0,1.0,0.0,38850.86396507503,nan,nan,nan,nan,nan,nan,0.0,orca,12,nan,07_communication_loss,28,0.0004199999921183917,0.014164449970621718,0.028107800009138366
0.2688888888888889,956.0,nan,27.613893056335694,131.0,0.0,1.0,0.0,31944.38440064295,nan,nan,nan,nan,nan,nan,0.0,orca,12,nan,07_communication_loss,29,0.00040000008993956726,0.01285950004330517,0.03112892005560705
0.2794444444444445,994.0,nan,9.67167157919899,109.0,0.0,1.0,0.0,83766.59276558543,nan,nan,nan,nan,nan,nan,0.0,orca,12,nan,07_communication_loss,3,0.00040000008993956726,0.012306499985470511,0.036993609973023756
0.23805555555555552,845.0,nan,12.653213816510773,98.0,0.0,1.0,0.0,41150.282064959494,nan,nan,nan,nan,nan,nan,0.0,orca,12,nan,07_communication_loss,4,0.00044999990223004716,0.011403000058862744,0.03280049995964871
0.3080555555555555,1097.0,nan,15.204610505473589,109.0,0.0,1.0,0.0,35053.326040796135,nan,nan,nan,nan,nan,nan,0.0,orca,12,nan,07_communication_loss,5,0.00040500003706256393,0.014479449976079199,0.024689789997864836
0.2777777777777778,988.0,nan,26.18006524391311,137.0,0.0,1.0,0.0,67667.04116518816,nan,nan,nan,nan,nan,nan,0.0,orca,12,nan,07_communication_loss,6,0.00040500003706256393,0.011989500058007257,0.02479810005297616
0.26416666666666666,939.0,nan,11.96432518917187,118.0,0.0,1.0,0.0,50312.64276213151,nan,nan,nan,nan,nan,nan,0.0,orca,12,nan,07_communication_loss,7,0.0006049999683455098,0.06042209997758641,0.2877517400781914
0.2325,825.0,nan,13.785205807313785,116.0,0.0,0.9999999999999999,0.0,41321.21556560017,nan,nan,nan,nan,nan,nan,0.0,orca,12,nan,07_communication_loss,8,0.0004099999841855606,0.011903049994543839,0.025105899998152367
0.27055555555555555,962.0,nan,14.219053587929452,119.0,0.0,1.0,0.0,54667.28307062093,nan,nan,nan,nan,nan,nan,0.0,orca,12,nan,07_communication_loss,9,0.0004099999841855606,0.015303999975913031,0.034842599945932244
1.0,936.0,102.08336824703672,18.908590196992957,121.0,0.0,0.9931825828046431,1.0,8262.249756093392,19.20206580428837,16.282646326748292,0.004570927427710644,46.032299799851614,0.04,3.006666666666667,0.0,sdacs_hybrid,12,nan,07_communication_loss,0,0.01627500000722648,0.4933080500563847,1.6212765199634298
1.0,1004.0,100.16721190047558,5.300749188336871,114.0,0.0,0.9850357613885108,1.0,6200.7505388418795,42.34690135869126,52.84852302737254,5.661031442692916,57.951082644616626,0.04,3.0,0.0,sdacs_hybrid,12,nan,07_communication_loss,1,0.012530499986951327,0.6202590500208773,2.148215050011678
1.0,992.0,97.87221462884764,23.664580462164228,117.0,0.0,0.9855255159927022,1.0,4742.549588962992,19.479652430236158,16.906921726138233,3.0076032065222296,41.05123673246992,0.04,3.0,0.0,sdacs_hybrid,12,nan,07_communication_loss,10,0.013510500025404326,0.6330065999634377,6.503429229925345
1.0,900.0,96.67450234453077,18.253853122674975,119.0,0.0,0.9859268751464564,1.0,4863.050263660496,31.67389667067593,44.103936773513404,0.0,50.60408284982311,0.04,3.0,0.0,sdacs_hybrid,12,nan,07_communication_loss,11,0.017146000061529776,0.14818299993066839,6.322646499971817
1.0,1112.0,101.1656445101075,16.803567035576553,132.0,0.0,0.9743769350921269,1.0,4342.532351213365,28.22734576525301,26.05514760458151,0.5574093217365426,54.21599203586155,0.04,3.0,0.0,sdacs_hybrid,12,nan,07_communication_loss,12,0.04326649997210552,0.8463044500047128,5.372780609947078
1.0,1016.0,102.12913889579244,14.231098323246766,118.0,0.0,0.9790115106485907,1.0,4796.181855542507,50.20751136582795,41.80594286028985,2.2988653851014074,83.66080640060785,0.04,3.0033333333333334,0.0,sdacs_hybrid,12,nan,07_communication_loss,13,0.010974999952395592,0.6318880999572234,6.1671818100126075
1.0,1019.0,100.41235591406296,11.46074802115502,110.0,0.0,0.9843331010781796,1.0,4240.109065779398,25.340158815862434,33.383363538361614,2.756969339285914,44.9926198840088,0.04,5.736666666666666,0.0,sdacs_hybrid,12,nan,07_communication_loss,14,0.011555499952464743,0.18834354997920877,8.185714260007444
1.0,977.0,94.96799239556752,20.022932950023304,112.0,0.0,0.9848043796723284,1.0,5486.269558895262,48.4932725435617,53.78709088196709,6.124523931242678,87.64674839960928,0.04,3.006666666666667,0.0,sdacs_hybrid,12,nan,07_communication_loss,15,0.010674999998627754,0.28528909994634033,5.137033010001914
1.0,888.0,103.67185562444972,19.13027060098283,110.0,0.0,0.9763155668429152,1.0,4570.759864903322,19.078838991785545,17.217823317428792,2.359554077887671,39.25711396813084,0.04,3.033333333333333,0.0,sdacs_hybrid,12,nan,07_communication_loss,16,0.010604999943097937,0.16999955004735062,8.118542070012607
1.0,1027.0,96.56891750410493,10.296596073120753,131.0,0.0,0.9854334061194715,1.0,4616.973422483211,21.374483319888196,19.487582834403074,0.09884314107765321,46.74446458977509,0.04,3.0,0.0,sdacs_hybrid,12,nan,07_communication_loss,17,0.05038650004962619,0.34174625001810643,6.031499550024362
1.0,964.0,94.79517828985952,10.149550137158869,126.0,0.0,0.9814339836349558,1.0,13913.85072358206,37.90432007355003,25.909970110791058,2.184435897057303,86.33916343370024,0.04,3.0,0.0,sdacs_hybrid,12,nan,07_communication_loss,18,0.018300000022009044,0.3329910000161363,0.540678799964095
1.0,943.0,99.18624308323952,12.790927527837509,126.0,0.0,0.9889431376853136,1.0,3165.423981002701,9.496383448144408,0.4634952299630962,0.0,34.55863695526759,0.04,3.0,0.0,sdacs_hybrid,12,nan,07_communication_loss,19,0.02496050001354888,1.64823905001299,8.04718369998568
1.0,985.0,103.38096831154259,12.255953590088493,109.0,0.0,0.9819439531447588,1.0,4437.949587409307,23.148884706276835,22.086068610952978,0.4193022187192701,54.00323430481226,0.04,3.0,0.0,sdacs_hybrid,12,nan,07_communication_loss,2,0.012270000013359095,0.19931270004463067,6.880406890060154
1.0,827.0,98.25356621733236,10.289696822919348,129.0,0.0,0.9868808800858169,1.0,3718.568520685292,45.66490904096787,66.48929958853547,0.8011739823451023,76.24181278896496,0.04,3.0233333333333334,0.0,sdacs_hybrid,12,nan,07_communication_loss,20,0.026595999997880426,0.17967249997354895,8.254985809981008
1.0,855.0,97.31041209072929,16.565282417225053,121.0,0.0,0.9570029202841238,1.0,3367.1008655501087,39.13415389346238,54.44080597786225,2.255036460847439,54.44080597786225,0.04,3.0,0.0,sdacs_hybrid,12,nan,07_communication_loss,21,0.021231000005172973,0.22873300002288496,8.9591293100068
1.0,763.0,101.3677031548335,11.651250022983245,110.0,0.0,0.9818133370482305,1.0,4279.227710087412,15.029826757745413,13.168738275732505,1.6877976162514507,32.62988573734961,0.04,3.04,0.0,sdacs_hybrid,12,nan,07_communication_loss,22,0.014595999971334095,0.22632505001638498,6.252530869998045
1.0,851.0,102.74847637619108,15.458243580219376,137.0,0.0,0.9820748624033063,1.0,4517.466581256502,35.31045368919867,19.160360448143322,8.017137193559934,87.75678232482474,0.04,3.0,0.0,sdacs_hybrid,12,nan,07_communication_loss,23,0.05636600002389969,0.1760724999769537,8.102153929960423
1.0,984.0,97.54508376927136,2.6144531136105664,133.0,5.0505050505050505e-05,0.9802424948443628,1.0,4257.857858933991,23.770085004471905,12.343083722926071,0.27574614263568126,71.38710167135561,0.04,3.0,0.0,sdacs_hybrid,12,nan,07_communication_loss,24,0.050811500045711,0.22589104995631748,7.210170610010206
1.0,986.0,98.41605880531472,11.74405464209534,120.0,0.0,0.9824508186278403,1.0,4158.940049211897,22.51028929703999,21.162598271250378,0.0,49.50439349788655,0.04,3.0566666666666666,0.0,sdacs_hybrid,12,nan,07_communication_loss,25,0.01403049998316419,0.2281564000668394,5.265689189969852
1.0,874.0,97.6594909085657,6.469117265574594,119.0,0.0,0.9889418300360752,1.0,4925.64856630653,15.654275008452876,15.897360854457169,0.0,31.688116242830457,0.04,3.0033333333333334,0.0,sdacs_hybrid,12,nan,07_communication_loss,26,0.012204999961795693,0.5609673500259788,4.173142559969828
1.0,1082.0,101.1739750668105,8.442231759950495,129.0,0.0,0.9893464805480231,1.0,4956.437130599679,54.83356737106274,51.4138915304366,5.325215835140831,90.0,0.04,3.0,0.0,sdacs_hybrid,12,nan,07_communication_loss,27,0.047536500005662674,0.2437600499831664,6.097529549972476
1.0,1217.0,107.05432840459402,5.437050756034679,130.0,0.0,0.9885000205990515,1.0,5617.750293244594,16.00175710840676,9.606667466585915,0.0,45.04011775697333,0.04,3.0,0.0,sdacs_hybrid,12,nan,07_communication_loss,28,0.0522969999678935,0.16992399998230248,5.136636910016249
1.0,1001.0,101.22959953977129,38.610415943080284,133.0,0.0,0.984314397201414,1.0,4041.3667837774087,11.135189140942233,9.495457582233495,0.26645338284523945,28.608768918009893,0.04,3.0433333333333334,0.0,sdacs_hybrid,12,nan,07_communication_loss,29,0.05290699999704884,0.5158891499490946,5.460743989973474
1.0,1051.0,103.79764072885943,16.139769686395574,115.0,0.0,0.9816436210953375,1.0,6181.729621980733,42.82584780886621,33.5816321630994,1.4519354595695917,77.2947744560509,0.04,3.06,0.0,sdacs_hybrid,12,nan,07_communication_loss,3,0.015415500001836335,0.2100050000251486,3.6723131200051147
1.0,895.0,98.96945360927691,5.987864303092497,105.0,0.0,0.9356372317524676,1.0,4720.76657821375,17.09407662589235,15.289117548091266,1.4817990218103418,38.67935163968519,0.04,3.046666666666667,0.0,sdacs_hybrid,12,nan,07_communication_loss,4,0.010830500002612098,0.35471965003921513,5.166277050051321
1.0,1140.0,99.40843163475715,7.810291725824528,115.0,0.0,0.9928571300389385,1.0,5763.247852960953,15.138358721847942,10.175929626024695,2.1886127334221763,38.14857319375787,0.04,3.0,0.0,sdacs_hybrid,12,nan,07_communication_loss,5,0.017670500028543756,0.490620050015878,5.35863262993302
1.0,1040.0,102.1654846711403,30.782362910664517,141.0,0.0,0.9852545634801283,1.0,2972.766044352242,14.81838696536861,6.740296052272469,3.096871636715759,43.20465767847651,0.04,3.0766666666666667,0.0,sdacs_hybrid,12,nan,07_communication_loss,6,0.05811099998709324,1.062404050048827,7.780961829946588
1.0,990.0,99.5892647301343,10.981976070668946,121.0,0.0,0.9859516522922532,1.0,5058.77248143718,18.31615539360581,18.437099086552376,1.1570834365685134,32.641725886721396,0.04,3.97,0.0,sdacs_hybrid,12,nan,07_communication_loss,7,0.01837549996253074,0.3370985499884685,4.299349149971468
1.0,876.0,102.72435565509797,8.974038486371764,119.0,0.0,0.9812933936916388,1.0,4012.5852864947624,30.524936708941215,34.23124678177802,3.5518148405715366,47.38872868203772,0.04,3.0,0.0,sdacs_hybrid,12,nan,07_communication_loss,8,0.0164604999781659,0.15504395000220947,8.170371510034329
1.0,1012.0,98.37907069376547,10.73655532043844,123.0,0.0,0.9827097470948248,1.0,5584.606055735216,14.745986391697095,12.249613255830994,1.3923492541890776,35.977258197324836,0.04,3.0933333333333333,0.0,sdacs_hybrid,12,nan,07_communication_loss,9,0.020826000024953828,0.9038930999736302,2.5966065300133314
0.27694444444444444,985.0,nan,17.037336324822263,121.0,0.0,0.9480140179710644,0.0,1576.4126213797563,nan,nan,nan,nan,nan,nan,0.0,vo,12,nan,07_communication_loss,0,0.0025854999989860517,3.9853615500476325,7.933941079913887
0.2913888888888889,1037.0,nan,14.902904232123456,118.0,0.0,0.9624177890338405,0.0,1447.3585840925457,nan,nan,nan,nan,nan,nan,0.0,vo,12,nan,07_communication_loss,1,0.004269999976713734,4.794468049937,8.282775099903574
0.36111111111111116,1289.0,nan,16.729688008607756,300.0,0.0,0.8849482760170754,0.0,1453.8301630562944,nan,nan,nan,nan,nan,nan,0.0,vo,12,nan,07_communication_loss,10,0.04360100001576939,3.942912850050109,7.54028452000739
0.32888888888888884,1173.0,nan,10.57355990849784,300.0,0.0,0.8955459719255751,0.0,1319.9065400582992,nan,nan,nan,nan,nan,nan,0.0,vo,12,nan,07_communication_loss,11,0.07468199999038916,6.0827996999705665,8.621061960023999
0.4863888888888889,1742.0,nan,16.004056900100725,300.0,0.0,0.8026197007195357,0.0,804.0098371891037,nan,nan,nan,nan,nan,nan,0.0,vo,12,nan,07_communication_loss,12,0.20433549997278533,6.676316399949659,8.757678500082875
0.3263888888888889,1163.0,nan,18.52870500079259,137.0,0.0,0.8930109472285647,0.0,1209.1857244583596,nan,nan,nan,nan,nan,nan,0.0,vo,12,nan,07_communication_loss,13,0.004475000025649933,6.5193254999712735,6.8005718899610175
0.37222222222222223,1329.0,nan,25.578230558160485,300.0,0.0,0.8895621530428949,0.0,1061.5379831934206,nan,nan,nan,nan,nan,nan,0.0,vo,12,nan,07_communication_loss,14,0.1052480000680589,6.560935549947544,6.689261189995932
0.3802777777777778,1358.0,nan,4.910265821370392,300.0,5.0505050505050505e-05,0.8617648364086122,0.0,1109.5000635982974,nan,nan,nan,nan,nan,nan,0.0,vo,12,nan,07_communication_loss,15,0.154173999987961,6.51903405002372,6.769196280022239
0.3316666666666667,1183.0,nan,18.563595045857404,300.0,0.0,0.8724473287939166,0.0,1121.7475840220661,nan,nan,nan,nan,nan,nan,0.0,vo,12,nan,07_communication_loss,16,0.04112600004191336,5.673404550032049,7.478860610052606
0.5088888888888888,1824.0,nan,8.742157398258971,300.0,0.0,0.7962214395042119,0.0,776.1303431020037,nan,nan,nan,nan,nan,nan,0.0,vo,12,nan,07_communication_loss,17,0.24577199997111165,6.667282849906542,8.24563826003782
0.3425,1222.0,nan,13.746032888794531,300.0,0.0,0.8962724406022332,0.0,1440.624364294146,nan,nan,nan,nan,nan,nan,0.0,vo,12,nan,07_communication_loss,18,0.05810699997255142,4.824359200000574,7.133177959992733
0.33666666666666667,1201.0,nan,17.253900773605185,300.0,0.0,0.9147605023842774,0.0,1543.9248153906763,nan,nan,nan,nan,nan,nan,0.0,vo,12,nan,07_communication_loss,19,0.045620999969742115,4.767677050023167,6.679076810023616
0.3397222222222222,1212.0,nan,16.218328811598386,300.0,0.0,0.9257265755308312,0.0,1335.4670951744556,nan,nan,nan,nan,nan,nan,0.0,vo,12,nan,07_communication_loss,2,0.07270700001527075,5.799263400058415,8.195492860068043
0.31583333333333335,1126.0,nan,38.962501202709866,300.0,0.0,0.87793495053918,0.0,1436.3229213971451,nan,nan,nan,nan,nan,nan,0.0,vo,12,nan,07_communication_loss,20,0.07177699995963849,6.189923149986499,6.772379330036528
0.30694444444444446,1094.0,nan,26.262408754096604,300.0,0.0,0.894001692018025,0.0,1381.8638004079087,nan,nan,nan,nan,nan,nan,0.0,vo,12,nan,07_communication_loss,21,0.04136099994411779,6.367006049993052,8.386477470012322
0.3605555555555556,1288.0,nan,21.201724221439008,300.0,0.0,0.8040624555666644,0.0,1336.8005126148196,nan,nan,nan,nan,nan,nan,0.0,vo,12,nan,07_communication_loss,22,0.15391399995223765,6.505714200005741,6.638796910021938
0.3888888888888889,1390.0,nan,19.303944970620595,300.0,0.0,0.8146989112162099,0.0,1183.1603998485552,nan,nan,nan,nan,nan,nan,0.0,vo,12,nan,07_communication_loss,23,0.18693549998261005,6.314405599960083,6.708045640034469
0.39833333333333326,1424.0,nan,20.967849556491295,300.0,0.0,0.871448950238201,0.0,1284.498482210438,nan,nan,nan,nan,nan,nan,0.0,vo,12,nan,07_communication_loss,24,0.10119250003981506,4.129259550023794,8.713315620018417
0.393611111111111,1407.0,nan,29.462221018471727,300.0,0.0,0.8762098897831195,0.0,1317.9400338956264,nan,nan,nan,nan,nan,nan,0.0,vo,12,nan,07_communication_loss,25,0.10583800002450516,4.325968849900625,7.535609469945252
0.26722222222222225,950.0,nan,23.649112835130232,119.0,0.0,0.9458384389489027,0.0,1828.6759912201032,nan,nan,nan,nan,nan,nan,0.0,vo,12,nan,07_communication_loss,26,0.002640000047904323,3.5670692999474394,8.556188930048165
0.3830555555555556,1368.0,nan,18.7891036320106,300.0,0.0,0.8953493600191081,0.0,1113.1122065190264,nan,nan,nan,nan,nan,nan,0.0,vo,12,nan,07_communication_loss,27,0.04601099999490543,6.449661600078117,8.363078650010035
0.37527777777777777,1339.0,nan,24.857811375076597,152.0,0.0,0.9403920612624335,0.0,1291.4882585052494,nan,nan,nan,nan,nan,nan,0.0,vo,12,nan,07_communication_loss,28,0.05652150002788403,5.026347749998197,6.602460030045449
0.40166666666666667,1436.0,nan,12.340052666273445,300.0,0.0,0.8846420016623244,0.0,1199.9947488228515,nan,nan,nan,nan,nan,nan,0.0,vo,12,nan,07_communication_loss,29,0.10041299998420072,6.1751705000915535,8.525222589987607
0.365,1303.0,nan,6.582967185831692,300.0,0.0,0.905872955254599,0.0,1023.2266340680478,nan,nan,nan,nan,nan,nan,0.0,vo,12,nan,07_communication_loss,3,0.06175199996505398,6.569461949976585,8.640322630043329
0.40833333333333327,1460.0,nan,10.124075658979688,300.0,0.0,0.7652011730785228,0.0,1180.0160227294432,nan,nan,nan,nan,nan,nan,0.0,vo,12,nan,07_communication_loss,4,0.11242300001867989,6.171464500016555,7.45477637996714
0.4547222222222223,1627.0,nan,6.927520449134116,300.0,0.0,0.8666470986165834,0.0,1078.5255042109613,nan,nan,nan,nan,nan,nan,0.0,vo,12,nan,07_communication_loss,5,0.09848249999322434,6.524396500032026,8.538731209907837
0.4030555555555555,1441.0,nan,9.420659871728384,300.0,0.0,0.8792818558974173,0.0,1238.4575191588142,nan,nan,nan,nan,nan,nan,0.0,vo,12,nan,07_communication_loss,6,0.1957755000034922,6.252897550058378,6.519658810020701
0.38527777777777783,1376.0,nan,16.105654183096892,300.0,0.0,0.865669185116241,0.0,1209.766142042539,nan,nan,nan,nan,nan,nan,0.0,vo,12,nan,07_communication_loss,7,0.2145510000559625,6.45755555009373,8.505886210028848
0.3788888888888889,1354.0,nan,30.48970993063588,300.0,0.0,0.8321779360307163,0.0,1289.2530218837442,nan,nan,nan,nan,nan,nan,0.0,vo,12,nan,07_communication_loss,8,0.11624299997947674,4.527051550064698,6.5553503000205575
0.37916666666666665,1354.0,nan,28.026426931548702,300.0,0.0,0.8808155377646639,0.0,1381.0912922108062,nan,nan,nan,nan,nan,nan,0.0,vo,12,nan,07_communication_loss,9,0.076772499994604,4.495226650004733,8.106492809993139
0.1691,9746.0,nan,0.21776018335610559,84.0,7.537688442211055e-06,1.0,0.0,5443.23342581207,nan,nan,nan,nan,nan,nan,0.0,cbs,200,nan,08_stress_high_density,0,0.005320000013853132,0.39212600000837483,1.38490400001956
0.17076666666666665,9846.0,nan,0.8144316979715429,89.0,4.857621440536013e-06,1.0,0.0,5700.107321620702,nan,nan,nan,nan,nan,nan,0.0,cbs,200,nan,08_stress_high_density,1,0.005180000016480335,0.37918700002137484,1.1751100000196857
0.1761,10166.0,nan,0.23461670509793464,90.0,7.035175879396985e-06,1.0,0.0,9451.381636056729,nan,nan,nan,nan,nan,nan,0.0,cbs,200,nan,08_stress_high_density,2,0.0052199999913682404,0.1384219999636116,2.1435769999698095
0.16865,9719.0,nan,0.16033577535500854,92.0,4.355108877721943e-06,1.0,0.0,7503.659910120238,nan,nan,nan,nan,nan,nan,0.0,cbs,200,nan,08_stress_high_density,3,0.005280999971546407,0.13787299997147784,4.138521000015771
0.1766166666666667,10197.0,nan,0.531536476348272,87.0,5.862646566164154e-06,1.0,0.0,7544.4344556111555,nan,nan,nan,nan,nan,nan,0.0,cbs,200,nan,08_stress_high_density,4,0.005319999957009713,0.14263299999583978,4.150442000025123
0.17006666666666667,10004.0,nan,1.5564736722536057,86.0,5.695142378559464e-06,1.0,0.0,7303.508773603422,nan,nan,nan,nan,nan,nan,0.0,orca,200,nan,08_stress_high_density,0,0.009080000012318123,0.3448255499961308,2.350764709997293
0.17205,10123.0,nan,1.4920482117238276,90.0,5.025125628140704e-06,1.0,0.0,6834.341618936394,nan,nan,nan,nan,nan,nan,0.0,orca,200,nan,08_stress_high_density,1,0.009299999987888441,0.3578690499949746,2.3884295499743713
0.17711666666666667,10427.0,nan,0.6306228141517889,91.0,6.532663316582914e-06,1.0,0.0,7055.712707181287,nan,nan,nan,nan,nan,nan,0.0,orca,200,nan,08_stress_high_density,2,0.00906100001429877,0.42637604996684786,2.3977201499678813
0.16965000000000002,9979.0,nan,1.0596675221419876,93.0,4.522613065326633e-06,1.0,0.0,7009.405407095364,nan,nan,nan,nan,nan,nan,0.0,orca,200,nan,08_stress_high_density,3,0.009079999983896414,0.3606455499976847,2.3066854000455805
0.17753333333333332,10452.0,nan,1.5345595409387058,88.0,6.030150753768844e-06,1.0,0.0,14724.004426619893,nan,nan,nan,nan,nan,nan,0.0,orca,200,nan,08_stress_high_density,4,0.005570000041643652,0.23715250000577726,1.1018611199870056
1.0,20277.0,99.71706749975348,1.4857589292074973,172.0,2.847571189279732e-06,0.9738251695662111,1.0,212.75167833877185,24.64030892107578,22.853017149576928,0.0,52.20301961510547,0.67,50.0,0.0,sdacs_hybrid,200,nan,08_stress_high_density,0,5.2451054999949065,13.344982550037818,15.835072219998663
1.0,20420.0,101.01287593243404,1.124413891643573,179.0,3.015075376884422e-06,0.9720869269902317,1.0,205.22982722059749,22.505900151398635,17.386917331158887,0.0,57.323201817319465,0.6733333333333333,50.0,0.0,sdacs_hybrid,200,nan,08_stress_high_density,1,5.311341499975697,13.024659550032425,16.100325029971714
1.0,20691.0,99.93916724834206,1.397938804127979,180.0,2.512562814070352e-06,0.9786631607599872,1.0,202.157110847497,25.447688080587415,21.99204799024367,0.0,55.17141674171332,0.6666666666666666,50.0,0.0,sdacs_hybrid,200,nan,08_stress_high_density,2,5.375417999971432,14.624129249992283,16.809176039961358
1.0,20239.0,99.10247584162505,1.9223365381124375,179.0,4.690117252931323e-06,0.9774187423603187,1.0,214.59041504801698,22.384166713238585,19.374276821629355,0.0,55.82999788673591,0.6766666666666666,50.0,0.0,sdacs_hybrid,200,nan,08_stress_high_density,3,5.1541739999834135,11.615825450007845,15.117251289959759
1.0,20709.0,99.83238847948319,1.5621780396182596,187.0,3.852596314907873e-06,0.9741948769558946,1.0,195.74908085725878,23.83275219622471,19.083260257587995,0.0,55.919244734178044,0.6766666666666666,50.0,0.0,sdacs_hybrid,200,nan,08_stress_high_density,4,5.203929999993306,13.268300249964685,18.604211769963396
0.19931666666666667,59718.0,nan,0.8927712901426335,300.0,4.020100502512563e-06,0.7744301725534822,0.0,19.782097466477357,nan,nan,nan,nan,nan,nan,0.0,vo,200,nan,08_stress_high_density,0,255.75940199996694,288.1830752999859,359.7810136799878
0.19333333333333333,60000.0,nan,0.556776352590056,300.0,4.522613065326633e-06,0.7692007174736005,0.0,19.86438584314599,nan,nan,nan,nan,nan,nan,0.0,vo,200,nan,08_stress_high_density,1,263.4893649999981,300.23453960001234,365.5098944400103
0.19588333333333333,59711.0,nan,1.5212686320638056,300.0,5.695142378559464e-06,0.7874005098178557,0.0,19.948481980037585,nan,nan,nan,nan,nan,nan,0.0,vo,200,nan,08_stress_high_density,2,255.42909099999633,300.5090692500403,350.04729763000114
0.20333333333333334,60000.0,nan,1.597264362868135,300.0,4.020100502512563e-06,0.7641792410295127,0.0,19.90533158196149,nan,nan,nan,nan,nan,nan,0.0,vo,200,nan,08_stress_high_density,3,257.422159999976,285.6778214999707,297.3792868399772
0.2588166666666667,59706.0,nan,1.1781125741367706,300.0,4.187604690117253e-06,0.7195808161601467,0.0,19.965110854315466,nan,nan,nan,nan,nan,nan,0.0,vo,200,nan,08_stress_high_density,4,184.35398600001918,279.02675560003445,294.93593356
0.26075,3049.0,nan,8.289651127481754,126.0,0.0,1.0,0.0,19424.44589824179,nan,nan,nan,nan,nan,nan,0.0,cbs,40,nan,09_stress_failure_cascade,0,0.0010800000040944724,0.0284509999914917,0.04504100002122868
0.27325000000000005,3199.0,nan,7.563969118167134,115.0,0.0,1.0,0.0,24865.77042689077,nan,nan,nan,nan,nan,nan,0.0,cbs,40,nan,09_stress_failure_cascade,1,0.0010499999802959792,0.02748100001781495,0.041869999961363646
0.2669166666666667,3123.0,nan,6.822672502963458,130.0,0.0,1.0,0.0,42532.36571268449,nan,nan,nan,nan,nan,nan,0.0,cbs,40,nan,09_stress_failure_cascade,2,0.001050000037139398,0.03370100000665843,0.06263100004844091
0.24516666666666664,2862.0,nan,2.6876735266992893,108.0,8.547008547008548e-06,1.0,0.0,16930.829940864125,nan,nan,nan,nan,nan,nan,0.0,cbs,40,nan,09_stress_failure_cascade,3,0.0010600000450722291,0.09386100003894171,0.26965499995412756
0.2344166666666667,2733.0,nan,7.041844771590984,123.0,0.0,1.0,0.0,34028.335622022634,nan,nan,nan,nan,nan,nan,0.0,cbs,40,nan,09_stress_failure_cascade,4,0.001040000029206567,0.025969999967401236,0.062341000045762485
0.2614166666666667,3097.0,nan,8.90718450318768,127.0,0.0,1.0,0.0,44462.848770290955,nan,nan,nan,nan,nan,nan,0.0,orca,40,nan,09_stress_failure_cascade,0,0.0010900000120273035,0.03726149999181416,0.06396851000999944
0.27425,3251.0,nan,5.334686976277196,116.0,0.0,1.0,0.0,38167.671854807944,nan,nan,nan,nan,nan,nan,0.0,orca,40,nan,09_stress_failure_cascade,1,0.0010699999961616413,0.037830049996046,0.06095680999237619
0.268,3176.0,nan,5.1438354006895,131.0,0.0,1.0,0.0,44054.694196477656,nan,nan,nan,nan,nan,nan,0.0,orca,40,nan,09_stress_failure_cascade,2,0.001050000037139398,0.038002000016490456,0.059080299971583254
0.246,2912.0,nan,3.53313094454018,109.0,8.547008547008548e-06,1.0,0.0,54793.26956030211,nan,nan,nan,nan,nan,nan,0.0,orca,40,nan,09_stress_failure_cascade,3,0.0010499999802959792,0.03632550002237168,0.05131369998537137
0.23583333333333334,2790.0,nan,7.681772495337767,124.0,0.0,1.0,0.0,44463.32324236162,nan,nan,nan,nan,nan,nan,0.0,orca,40,nan,09_stress_failure_cascade,4,0.0010655000153292349,0.07451299995011607,0.2712974100006703
1.0,3533.0,99.96048191808313,5.270031741584979,141.0,0.0,0.9841804519575579,1.0,5209.698708535681,29.60765457017627,20.991206400966085,0.0,81.18748453138518,0.13333333333333333,10.0,0.0,sdacs_hybrid,40,nan,09_stress_failure_cascade,0,0.12493200003405036,0.580742599990459,2.3501875199815454
1.0,3722.0,100.09686505447141,4.061918306063332,130.0,4.273504273504274e-06,0.97817506445137,1.0,5152.000766618041,33.4838415492895,24.566017749039617,2.029631024885377,82.11085510246204,0.13333333333333333,10.0,0.0,sdacs_hybrid,40,nan,09_stress_failure_cascade,1,0.03395550001528136,0.6066121000031918,2.198238209991814
1.0,3626.0,100.81546273068076,10.635859428804173,150.0,0.0,0.9844143977002062,1.0,6396.577711520063,22.939558769557305,17.35551330288544,0.0,69.44186620543493,0.13333333333333333,10.0,0.0,sdacs_hybrid,40,nan,09_stress_failure_cascade,2,0.13699199999450684,0.4207040500006089,1.068506679970933
1.0,3362.0,99.90705745210377,4.954742498710895,118.0,4.273504273504274e-06,0.9847098449883578,1.0,5456.123960805856,32.500161227243304,25.294224593352702,0.4835149111642141,77.23493029127405,0.13333333333333333,10.0,0.0,sdacs_hybrid,40,nan,09_stress_failure_cascade,3,0.025625000006357368,1.1725179999899638,2.1901600900287104
1.0,3260.0,103.91951070754826,5.987868451388166,132.0,0.0,0.9667177413925714,1.0,4741.392444546826,19.5955968875312,15.60697433578467,0.0,50.872517912303636,0.13333333333333333,10.0,0.0,sdacs_hybrid,40,nan,09_stress_failure_cascade,4,0.04619600002797597,0.6753943500172177,2.395372500033659
0.3134166666666667,3721.0,nan,5.868153240848472,144.0,0.0,0.9008722588267206,0.0,435.3725479627631,nan,nan,nan,nan,nan,nan,0.0,vo,40,nan,09_stress_failure_cascade,0,0.030735499990441895,9.372365349958047,10.792728159989895
0.33558333333333334,3987.0,nan,5.257762886529181,158.0,0.0,0.9066918675906489,0.0,350.0441035734529,nan,nan,nan,nan,nan,nan,0.0,vo,40,nan,09_stress_failure_cascade,1,0.1484770000104163,9.27956585003642,11.59785661002331
0.36349999999999993,4324.0,nan,6.776937589306461,300.0,0.0,0.8669128561049073,0.0,274.9119290998511,nan,nan,nan,nan,nan,nan,0.0,vo,40,nan,09_stress_failure_cascade,2,2.243068500007439,12.252973949972557,15.877583149984954
0.30933333333333335,3672.0,nan,5.447177090096515,149.0,0.0,0.8913396162225421,0.0,326.5660800759001,nan,nan,nan,nan,nan,nan,0.0,vo,40,nan,09_stress_failure_cascade,3,0.10084150002853676,11.057002500032809,11.78780672996197
0.29974999999999996,3557.0,nan,7.196913956703533,158.0,0.0,0.8739818682658281,0.0,350.41672245786225,nan,nan,nan,nan,nan,nan,0.0,vo,40,nan,09_stress_failure_cascade,4,0.22809900002584982,11.199861100018895,12.039906340003197
0.24455555555555558,2141.0,nan,8.289651127481754,117.0,0.0,1.0,0.0,17485.639626979064,nan,nan,nan,nan,nan,nan,0.0,cbs,30,nan,10_stress_adversarial_swarm,0,0.0008300000331473711,0.02005000004601243,0.029089999998177518
0.27822222222222226,2444.0,nan,10.806811409762213,115.0,0.0,1.0,0.0,28496.518010397518,nan,nan,nan,nan,nan,nan,0.0,cbs,30,nan,10_stress_adversarial_swarm,1,0.0008200000252145401,0.02119099997344165,0.0322100000289538
0.2564444444444445,2248.0,nan,6.822672502963458,122.0,0.0,1.0,0.0,27220.809764619094,nan,nan,nan,nan,nan,nan,0.0,cbs,30,nan,10_stress_adversarial_swarm,2,0.0008199999683711212,0.01973100000896011,0.02486099998577629
0.26100000000000007,2289.0,nan,2.6876735266992893,108.0,1.532567049808429e-05,1.0,0.0,20980.800679146334,nan,nan,nan,nan,nan,nan,0.0,cbs,30,nan,10_stress_adversarial_swarm,3,0.0008799999591246888,0.021909999986746698,0.05252099998642734
0.24211111111111114,2119.0,nan,7.041844771590984,123.0,0.0,1.0,0.0,26079.318682935576,nan,nan,nan,nan,nan,nan,0.0,cbs,30,nan,10_stress_adversarial_swarm,4,0.0008399999842367833,0.02200000000129876,0.13341199996830255
0.24533333333333332,2178.0,nan,8.90718450318768,118.0,0.0,1.0,0.0,54787.67584072255,nan,nan,nan,nan,nan,nan,0.0,orca,30,nan,10_stress_adversarial_swarm,0,0.0008600000001024455,0.03747199996553269,0.09372178998376052
0.27955555555555556,2486.0,nan,13.204413970804694,116.0,0.0,1.0,0.0,41115.794961482636,nan,nan,nan,nan,nan,nan,0.0,orca,30,nan,10_stress_adversarial_swarm,1,0.0008450000166249083,0.031979550041683076,0.04964419997861556
0.25777777777777783,2290.0,nan,5.1438354006895,124.0,0.0,1.0,0.0,43359.30555746592,nan,nan,nan,nan,nan,nan,0.0,orca,30,nan,10_stress_adversarial_swarm,2,0.000810000017281709,0.02763099996059282,0.042565599982822076
0.26166666666666666,2325.0,nan,3.53313094454018,109.0,1.532567049808429e-05,1.0,0.0,33012.35784598377,nan,nan,nan,nan,nan,nan,0.0,orca,30,nan,10_stress_adversarial_swarm,3,0.0008300000331473711,0.24320855002599734,0.35485949996996163
0.24355555555555555,2162.0,nan,7.681772495337767,124.0,0.0,1.0,0.0,27711.012199183187,nan,nan,nan,nan,nan,nan,0.0,orca,30,nan,10_stress_adversarial_swarm,4,0.0008200000252145401,0.029382499945995733,0.045723200011593516
1.0,2435.0,103.31570813646995,9.100829310835277,130.0,0.0,0.9807819399036996,1.0,7612.426016733565,27.073589875432276,20.000767677192577,0.0,73.99721017667004,0.1,7.5,0.0,sdacs_hybrid,30,nan,10_stress_adversarial_swarm,0,0.03557050001745665,0.3005464499921121,2.1525846000042748
1.0,2780.0,98.1493892750879,4.061918443082789,130.0,7.662835249042145e-06,0.9725791283263466,1.0,10560.18247996163,31.814922317001752,25.826973119057328,1.6947308728268273,83.20543319246404,0.1,7.5,0.0,sdacs_hybrid,30,nan,10_stress_adversarial_swarm,1,0.03215599997474783,0.21417244996655435,0.3949474200237535
1.0,2564.0,98.84859924511835,10.635844906527472,139.0,0.0,0.9812019777011458,1.0,6121.291181085912,23.11104381030998,17.355513230214996,0.0,69.44186316530617,0.1,7.5,0.0,sdacs_hybrid,30,nan,10_stress_adversarial_swarm,2,0.09400700002970552,0.24820804996181797,3.631255579993535
1.0,2581.0,99.55892574463024,4.9549164056142345,118.0,7.662835249042145e-06,0.9862399705819024,1.0,9879.400836724235,34.9536279177321,26.32298411977413,1.6692612348877598,77.29382768228561,0.1,7.5,0.0,sdacs_hybrid,30,nan,10_stress_adversarial_swarm,3,0.03451600002790656,0.3369944999747077,0.6579147100291037
1.0,2446.0,99.34483072243214,5.987851841808169,132.0,0.0,0.9602031594043964,1.0,13384.97793219028,18.63583701942578,16.994859445449162,0.25662773279889933,39.33460632197779,0.1,7.5,0.0,sdacs_hybrid,30,nan,10_stress_adversarial_swarm,4,0.0552810000158388,0.20823099999631722,0.2670763099609983
0.29900000000000004,2661.0,nan,6.041790964959156,164.0,0.0,0.9061510485618219,0.0,584.8609982213568,nan,nan,nan,nan,nan,nan,0.0,vo,30,nan,10_stress_adversarial_swarm,0,0.09056649997774002,6.7359879499804265,7.243027720002146
0.3206666666666667,2856.0,nan,10.819390675800427,129.0,0.0,0.9341696300053801,0.0,532.3070104033063,nan,nan,nan,nan,nan,nan,0.0,vo,30,nan,10_stress_adversarial_swarm,1,0.00587049999012379,6.815992549982752,8.607463090006586
0.3347777777777778,2984.0,nan,12.035566219039055,300.0,0.0,0.8958160094867831,0.0,622.6042060442222,nan,nan,nan,nan,nan,nan,0.0,vo,30,nan,10_stress_adversarial_swarm,2,0.2954050000312236,6.547769499999845,6.726537060008012
0.32188888888888895,2867.0,nan,6.324741803088839,122.0,0.0,0.9087463932713126,0.0,699.8767794609175,nan,nan,nan,nan,nan,nan,0.0,vo,30,nan,10_stress_adversarial_swarm,3,0.00586999999541149,6.483795549999628,6.8570296300322156
0.29911111111111116,2662.0,nan,7.041384377721714,134.0,0.0,0.8797388738164327,0.0,542.876241605257,nan,nan,nan,nan,nan,nan,0.0,vo,30,nan,10_stress_adversarial_swarm,4,0.0196949999917706,6.951891850016527,10.626546020026806
